isoform_id	gene	transcript_id	biotype	GABA_pct	GABA_mean	other_pct	other_mean	logFC	n_GABA_detected	n_other_detected
Hepacam-201	Hepacam	ENSMUST00000051839	protein_coding	0.297619047619048	0.0206006914417251	21.7761629638454	1.54911467143363	-6.23253827246516	3	3656
Acsbg1-201	Acsbg1	ENSMUST00000034822	protein_coding	0.198412698412698	0.0153217301028121	12.5201024480315	0.914780149944519	-5.899681362615	2	2102
Sox9-201	Sox9	ENSMUST00000000579	protein_coding	0.396825396825397	0.0262424345328834	20.1322294359402	1.51491448836466	-5.85113696218518	4	3380
Gstm1-204	Gstm1	ENSMUST00000198532	processed_transcript	0.198412698412698	0.0132830777566829	10.179284055036	0.735573229859585	-5.79110095946765	2	1709
Mgst1-207	Mgst1	ENSMUST00000140932	protein_coding	0.396825396825397	0.0275226520585888	17.7794984811484	1.34695942621518	-5.61289174364991	4	2985
S1pr1-201	S1pr1	ENSMUST00000055676	protein_coding	0.396825396825397	0.0313702832893844	20.2632676157008	1.53351236512347	-5.6112523840508	4	3402
Slc1a3-201	Slc1a3	ENSMUST00000005493	protein_coding	0.496031746031746	0.0355245285242535	22.0561081660611	1.702262092506	-5.58245410606675	5	3703
Dbx2-201	Dbx2	ENSMUST00000054244	protein_coding	0.396825396825397	0.0283307454690633	16.0700458633629	1.19336165055539	-5.39646923316376	4	2698
Abhd4-201	Abhd4	ENSMUST00000041197	protein_coding	0.396825396825397	0.0281750798138275	14.3963309309667	1.00591757986449	-5.15789882536869	4	2417
Gpr37-201	Gpr37	ENSMUST00000054867	protein_coding	0.595238095238095	0.042260939708805	18.17261302043	1.31344071328776	-4.95784938447343	6	3051
Gjc3-202	Gjc3	ENSMUST00000199083	retained_intron	0.396825396825397	0.0284624071780885	11.8649115492287	0.837042770462994	-4.87812279236392	4	1992
Gpr37l1-201	Gpr37l1	ENSMUST00000027682	protein_coding	1.09126984126984	0.0819484584935605	29.1381261540294	2.35195138436015	-4.84298062635866	11	4892
Nfe2l2-201	Nfe2l2	ENSMUST00000102672	protein_coding	0.793650793650794	0.0538023365457122	20.9780213234856	1.53397917652618	-4.83344038647075	8	3522
Tril-201	Tril	ENSMUST00000127748	protein_coding	0.396825396825397	0.0277713796313404	10.7272618976711	0.784567052149664	-4.82017588707696	4	1801
Gfap-202	Gfap	ENSMUST00000077902	protein_coding	0.396825396825397	0.0312641142453558	11.817261302043	0.867534001973417	-4.79429627241456	4	1984
Rhoc-201	Rhoc	ENSMUST00000002303	protein_coding	0.595238095238095	0.040165210861541	15.3850735600691	1.10867224400272	-4.78670804761609	6	2583
Kcnj10-201	Kcnj10	ENSMUST00000056136	protein_coding	0.992063492063492	0.0692246487910683	25.2665435701948	1.83682072690038	-4.72976113219684	10	4242
Neat1-202	Neat1	ENSMUST00000174287	lincRNA	0.496031746031746	0.0363196169574954	11.9721246053964	0.873595706880545	-4.58810680368634	5	2010
Mobp-202	Mobp	ENSMUST00000093773	protein_coding	0.694444444444445	0.0472243848084091	14.9621776162964	1.1189519282262	-4.56644298427763	7	2512
Tspan15-201	Tspan15	ENSMUST00000047883	protein_coding	0.595238095238095	0.0409663723899873	13.5743641670141	0.949328436853047	-4.53436155125512	6	2279
Gjc3-201	Gjc3	ENSMUST00000077119	protein_coding	0.694444444444445	0.0512657177391428	15.956876526297	1.1850318488934	-4.53076070599913	7	2679
Pon2-201	Pon2	ENSMUST00000057792	protein_coding	0.496031746031746	0.0361714042269227	11.7160045267735	0.825980902249603	-4.51314877555337	5	1967
Epas1-201	Epas1	ENSMUST00000024954	protein_coding	0.496031746031746	0.0347276914617412	10.5366609089285	0.77933123764311	-4.48803853798133	5	1769
Ugt8a-202	Ugt8a	ENSMUST00000196481	retained_intron	0.793650793650794	0.0588673642075214	17.2851271665972	1.31983357744286	-4.48672076969641	8	2902
Slc44a1-201	Slc44a1	ENSMUST00000102911	protein_coding	0.496031746031746	0.0345195808512967	10.8225623920424	0.743447601259694	-4.42870435923129	5	1817
Ntsr2-201	Ntsr2	ENSMUST00000111064	protein_coding	1.09126984126984	0.0765734949981523	20.5551253797129	1.5992378930555	-4.38437770593539	11	3451
Tst-201	Tst	ENSMUST00000058659	protein_coding	0.892857142857143	0.0644535388949716	17.7794984811484	1.33477782623833	-4.37217493904818	9	2985
Prdx6b-201	Prdx6b	ENSMUST00000057072	protein_coding	1.48809523809524	0.106074442899864	24.0455059860623	1.86306568290998	-4.13451670468549	15	4037
S1pr3-201	S1pr3	ENSMUST00000087978	protein_coding	0.694444444444445	0.0486244086859862	11.2752397403062	0.848312502977305	-4.12481524531614	7	1893
Zfp36l1-201	Zfp36l1	ENSMUST00000021552	protein_coding	0.694444444444445	0.0483626642780691	11.0608136279707	0.808887332885864	-4.06394509242768	7	1857
Reep3-202	Reep3	ENSMUST00000217841	protein_coding	0.892857142857143	0.0602711381978599	14.4380248972542	1.00309024994628	-4.05681779548924	9	2424
Gatm-201	Gatm	ENSMUST00000028624	protein_coding	1.28968253968254	0.0928315814136112	20.8112454583358	1.52276994607531	-4.03592390262015	13	3494
Atp1a2-201	Atp1a2	ENSMUST00000085913	protein_coding	1.98412698412698	0.15237494775881	29.6801477157663	2.45697306064793	-4.01117552725283	20	4983
Cers2-201	Cers2	ENSMUST00000015858	protein_coding	0.793650793650794	0.0535583689075964	12.4903210435404	0.860533907982287	-4.00602285048443	8	2097
Tmem100-201	Tmem100	ENSMUST00000092788	protein_coding	0.694444444444445	0.0496676012129794	10.6974804931801	0.788104091734606	-3.98798199938176	7	1796
Plpp3-201	Plpp3	ENSMUST00000064139	protein_coding	2.67857142857143	0.192253484507313	37.2207993328965	3.04684495142548	-3.98622740334587	27	6249
Aqp4-201	Aqp4	ENSMUST00000079081	protein_coding	1.98412698412698	0.15212296502975	28.7033176484603	2.38643739663972	-3.97153974247989	20	4819
Pllp-201	Pllp	ENSMUST00000034227	protein_coding	1.48809523809524	0.107855620430941	20.9065459527071	1.62356020747439	-3.91197513504326	15	3510
Tmem88b-201	Tmem88b	ENSMUST00000097742	protein_coding	1.19047619047619	0.0885070100954723	17.6663291440824	1.31631322078978	-3.89455208247287	12	2966
Hist2h2aa1-201	Hist2h2aa1	ENSMUST00000078756	protein_coding	1.38888888888889	0.0973575883934999	19.9356721662994	1.42097282513497	-3.86742791911853	14	3347
Cnp-202	Cnp	ENSMUST00000147403	processed_transcript	1.28968253968254	0.0946717508833251	17.8152361665376	1.37310762524403	-3.85835270715537	13	2991
Gltp-201	Gltp	ENSMUST00000012028	protein_coding	1.28968253968254	0.0865267835526638	17.3804276609685	1.24458595540838	-3.84635977234985	13	2918
Clic4-201	Clic4	ENSMUST00000037099	protein_coding	1.48809523809524	0.101265051902488	20.1500982786348	1.45159246651287	-3.84141495253814	15	3383
Neat1-201	Neat1	ENSMUST00000173672	lincRNA	1.19047619047619	0.0882223879907299	16.9456191553994	1.25686729417457	-3.8325285045901	12	2845
Tagln2-202	Tagln2	ENSMUST00000111230	protein_coding	0.793650793650794	0.0575734418783505	11.0846387515635	0.813742127797712	-3.82107302868124	8	1861
Cnp-204	Cnp	ENSMUST00000150414	processed_transcript	1.48809523809524	0.107807796659424	19.2030496158199	1.50020169578043	-3.79861063496527	15	3224
Carhsp1-201	Carhsp1	ENSMUST00000008537	protein_coding	0.793650793650794	0.0593913210051816	11.9721246053964	0.825161532173327	-3.79632999660408	8	2010
Ahnak-202	Ahnak	ENSMUST00000092956	protein_coding	0.992063492063492	0.0746898624161098	12.9429983918042	1.02207190352174	-3.77442253947606	10	2173
Lgals3bp-201	Lgals3bp	ENSMUST00000043722	protein_coding	1.38888888888889	0.0952789975394205	17.7199356721663	1.30318654292809	-3.77372753225826	14	2975
Cdc42ep2-201	Cdc42ep2	ENSMUST00000055458	protein_coding	0.892857142857143	0.0623009381284524	12.0495562570731	0.845312525959952	-3.76213758549377	9	2023
Sdc4-201	Sdc4	ENSMUST00000017153	protein_coding	1.98412698412698	0.14693958975361	24.8615164691167	1.97037631216977	-3.74516704600054	20	4174
AI849053-201	AI849053	ENSMUST00000181021	lincRNA	0.892857142857143	0.0654597729783021	11.8291738638394	0.876778704469164	-3.74351186012839	9	1986
Notch1-201	Notch1	ENSMUST00000028288	protein_coding	0.793650793650794	0.0548265896950041	10.0363333134791	0.717929100928269	-3.71086943023604	8	1685
Vim-204	Vim	ENSMUST00000155605	retained_intron	0.793650793650794	0.0587138274444965	10.1614152123414	0.760933809072351	-3.69597607734079	8	1706
Id3-201	Id3	ENSMUST00000008016	protein_coding	2.28174603174603	0.162327382300444	25.4571445589374	2.06757060851998	-3.67095012171451	23	4274
Mog-201	Mog	ENSMUST00000102665	protein_coding	1.68650793650794	0.129371321983362	19.8701530764191	1.64548973626046	-3.66891700029975	17	3336
Igtp-201	Igtp	ENSMUST00000035266	protein_coding	1.09126984126984	0.0780561865825401	13.1216868187504	0.970169260371504	-3.63563458606613	11	2203
Gm42047-202	Gm42047	ENSMUST00000212899	lincRNA	1.58730158730159	0.117439277773017	19.6319018404908	1.44983963439447	-3.62589513807594	16	3296
Ermn-201	Ermn	ENSMUST00000090940	protein_coding	1.48809523809524	0.103981272939958	16.8979689082137	1.27696253060109	-3.61830782148483	15	2837
Id1-202	Id1	ENSMUST00000109824	protein_coding	1.38888888888889	0.106335855152996	16.3559473464769	1.29474435459387	-3.60595477178489	14	2746
Itgb8-201	Itgb8	ENSMUST00000026360	protein_coding	1.38888888888889	0.0997176936720846	16.9694442789922	1.19616414211218	-3.58440878753935	14	2849
Opalin-201	Opalin	ENSMUST00000087176	protein_coding	1.68650793650794	0.124939623043657	18.2500446721067	1.47459465077442	-3.56100487249186	17	3064
Olig1-201	Olig1	ENSMUST00000056882	protein_coding	2.28174603174603	0.168062458604643	25.1116802668414	1.92136431307561	-3.51505386349654	23	4216
Hspb8-201	Hspb8	ENSMUST00000036991	protein_coding	1.09126984126984	0.0763566613873933	11.7755673357556	0.863400562258962	-3.49918688026078	11	1977
Gm20632-201	Gm20632	ENSMUST00000176760	antisense	2.08333333333333	0.151344610897185	23.777473345643	1.71129249024147	-3.49916846415421	21	3992
Litaf-201	Litaf	ENSMUST00000023143	protein_coding	1.28968253968254	0.0901155161766162	14.289117874799	1.00645910998395	-3.48135464206619	13	2399
H2-T23-202	H2-T23	ENSMUST00000174161	retained_intron	1.48809523809524	0.103673581437938	15.5161117398297	1.15109152875684	-3.47286967907424	15	2605
Car2-201	Car2	ENSMUST00000029078	protein_coding	3.07539682539683	0.22738599783453	33.1169217940318	2.51881608197683	-3.46952468921165	31	5560
Ube2l6-201	Ube2l6	ENSMUST00000102642	protein_coding	0.992063492063492	0.073294643975737	10.810649830246	0.798947276495406	-3.44630274144346	10	1815
Cldn11-201	Cldn11	ENSMUST00000046174	protein_coding	2.28174603174603	0.176505572231606	21.1924474358211	1.8962493414344	-3.42535563180481	23	3558
Slc9a3r1-201	Slc9a3r1	ENSMUST00000021077	protein_coding	1.58730158730159	0.108402480869925	15.2302102567157	1.12276075786225	-3.37256884254549	16	2557
Fam181b-201	Fam181b	ENSMUST00000051179	protein_coding	0.992063492063492	0.0711513501616682	10.2686282685091	0.735793938732956	-3.37032043770874	10	1724
Ifit3b-201	Ifit3b	ENSMUST00000076249	protein_coding	2.38095238095238	0.176299281117402	22.7112990648639	1.7699649917651	-3.32761496033991	24	3813
Gfap-201	Gfap	ENSMUST00000067444	protein_coding	3.17460317460317	0.240507066285561	28.7450116147478	2.3928366465324	-3.31456532789855	32	4826
Evi2a-201	Evi2a	ENSMUST00000103236	protein_coding	1.19047619047619	0.0889217930078021	12.5856215379117	0.882083633106404	-3.31029191593311	12	2113
Pnp-201	Pnp	ENSMUST00000048615	protein_coding	1.68650793650794	0.122506580559653	16.2963845374948	1.20928651853737	-3.30321436995421	17	2736
Adamts1-201	Adamts1	ENSMUST00000023610	protein_coding	1.09126984126984	0.0767384929818768	10.1733277741378	0.745526088101023	-3.28021963438131	11	1708
Frmd8-201	Frmd8	ENSMUST00000025728	protein_coding	1.09126984126984	0.0761980186466203	10.6855679313836	0.732963066856502	-3.26589815005241	11	1794
Trim25-202	Trim25	ENSMUST00000100627	protein_coding	1.09126984126984	0.0769119063337782	10.0005956280898	0.715527679857213	-3.21771197991619	11	1679
Tsc22d4-202	Tsc22d4	ENSMUST00000100539	protein_coding	5.05952380952381	0.373333567763467	44.1241288939186	3.46424746622117	-3.21400140632379	51	7408
Trim59-202	Trim59	ENSMUST00000136512	protein_coding	1.19047619047619	0.083200123411126	11.0429447852761	0.768868449421546	-3.20806374245328	12	1854
Cdkn1a-201	Cdkn1a	ENSMUST00000023829	protein_coding	2.57936507936508	0.181152815808148	22.627911132289	1.66166444782844	-3.19734284565396	26	3799
Cebpd-201	Cebpd	ENSMUST00000096232	protein_coding	3.67063492063492	0.265119796164306	30.6748466257669	2.40137070181602	-3.17913698646741	37	5150
Mal-202	Mal	ENSMUST00000028854	protein_coding	2.77777777777778	0.213983643259866	21.7523378402526	1.913385474918	-3.16054913598353	28	3652
Pbxip1-201	Pbxip1	ENSMUST00000038942	protein_coding	1.48809523809524	0.108559045007675	13.1931621895289	0.956412215776216	-3.13914084144208	15	2215
Thrsp-201	Thrsp	ENSMUST00000043077	protein_coding	1.88492063492064	0.133552544406449	15.1408660432426	1.16943451874607	-3.13032214584134	19	2542
Gna12-201	Gna12	ENSMUST00000000153	protein_coding	1.48809523809524	0.0976173194309581	12.0019060098874	0.826681362706191	-3.08210928714444	15	2015
Ifit3-201	Ifit3	ENSMUST00000102825	protein_coding	4.16666666666667	0.313696533248939	31.8422776818155	2.6177055042889	-3.06085726248235	42	5346
Mmd2-201	Mmd2	ENSMUST00000037048	protein_coding	1.88492063492064	0.134763575011273	15.5994996724046	1.11965962172439	-3.05454828951867	19	2619
Ptprz1-206	Ptprz1	ENSMUST00000202579	protein_coding	2.18253968253968	0.154409838287125	16.7967121329442	1.26086416853097	-3.02956808252852	22	2820
Slc16a1-201	Slc16a1	ENSMUST00000046212	protein_coding	2.57936507936508	0.182733047021748	19.983322413485	1.46213951163556	-3.00026459370504	26	3355
Irf7-213	Irf7	ENSMUST00000210506	retained_intron	2.38095238095238	0.181792213303282	19.4413008517482	1.45126128585861	-2.99693803345559	24	3264
Ankrd28-209	Ankrd28	ENSMUST00000227937	retained_intron	1.38888888888889	0.0968689966622945	10.780868425755	0.747732545687497	-2.94840246127177	14	1810
Prdx6-208	Prdx6	ENSMUST00000192639	nonsense_mediated_decay	5.05952380952381	0.373398620207998	35.7495979510394	2.86131516080707	-2.93788655161052	51	6002
Gprc5b-204	Gprc5b	ENSMUST00000208394	protein_coding	1.58730158730159	0.107472989440847	11.644529155995	0.815466813936767	-2.92364039071069	16	1955
Serpina3n-201	Serpina3n	ENSMUST00000021506	protein_coding	4.16666666666667	0.293157149247408	27.7800941092382	2.19323834476183	-2.90331219302037	42	4664
Cavin3-201	Cavin3	ENSMUST00000047040	protein_coding	2.97619047619048	0.209905913773499	20.9541961998928	1.55603562973035	-2.89005443129806	30	3518
Sox8-202	Sox8	ENSMUST00000173447	protein_coding	1.38888888888889	0.0970130426059081	10.4056227291679	0.717176429063052	-2.88606458955931	14	1747
Gnao1-207	Gnao1	ENSMUST00000138659	protein_coding	1.68650793650794	0.122517655356679	12.8953481446185	0.898965904833231	-2.87526656583498	17	2165
Desi1-204	Desi1	ENSMUST00000135988	nonsense_mediated_decay	1.58730158730159	0.105187850195917	11.1799392459348	0.768644869811473	-2.86933728343204	16	1877
Tmem229a-201	Tmem229a	ENSMUST00000127247	protein_coding	2.67857142857143	0.188042296119777	19.3043063910894	1.36896997865672	-2.86395508339137	27	3241
Slc4a4-207	Slc4a4	ENSMUST00000148750	protein_coding	4.06746031746032	0.286492195531308	25.963428435285	2.08374540816459	-2.86260693317491	41	4359
Htra1-203	Htra1	ENSMUST00000150717	retained_intron	1.48809523809524	0.103519883681777	10.352016201084	0.752188426402934	-2.8611741886978	15	1738
Glul-201	Glul	ENSMUST00000086199	protein_coding	4.66269841269841	0.322357759640897	31.0024420751683	2.33683705377258	-2.85781866443192	47	5205
Zfyve21-201	Zfyve21	ENSMUST00000021714	protein_coding	1.38888888888889	0.0978959881345181	10.0661147179701	0.704451822375218	-2.84716671146571	14	1690
Gng12-201	Gng12	ENSMUST00000043148	protein_coding	1.48809523809524	0.103804278514166	10.780868425755	0.742975284709414	-2.83943635484526	15	1810
Rida-201	Rida	ENSMUST00000022946	protein_coding	2.18253968253968	0.153806596126546	14.9562213353982	1.09635768618837	-2.83352120874156	22	2511
Mbp-205	Mbp	ENSMUST00000091789	protein_coding	3.67063492063492	0.258966209268753	21.6749061885759	1.8383978456983	-2.82760845839788	37	3639
Cxcl10-201	Cxcl10	ENSMUST00000038816	protein_coding	1.68650793650794	0.12729262201121	10.2626719876109	0.887825284436489	-2.80211728535932	17	1723
Rab31-201	Rab31	ENSMUST00000070673	protein_coding	2.38095238095238	0.159848760689191	15.5518494252189	1.08143810198533	-2.75816393714643	24	2611
Tjp2-201	Tjp2	ENSMUST00000099558	protein_coding	1.88492063492064	0.134741789857308	13.169337065936	0.911205009997096	-2.75756918675893	19	2211
S1pr5-201	S1pr5	ENSMUST00000122088	protein_coding	1.48809523809524	0.105813857900494	10.2269343022217	0.704769838170117	-2.73561201358735	15	1717
Mobp-204	Mobp	ENSMUST00000174193	nonsense_mediated_decay	2.38095238095238	0.176200684433732	15.8198820656382	1.17093372994509	-2.73236103844974	24	2656
Rhoa-201	Rhoa	ENSMUST00000007959	protein_coding	4.96031746031746	0.337219210701322	30.6569777830723	2.20898659492101	-2.71162240755104	50	5147
Hspa2-202	Hspa2	ENSMUST00000219555	protein_coding	1.68650793650794	0.118621367759646	10.8880814819227	0.775027004707921	-2.70787236730784	17	1828
Plp1-201	Plp1	ENSMUST00000033800	protein_coding	4.66269841269841	0.376876865512105	25.2605872892966	2.45898992158863	-2.70589743722381	47	4241
Ifit1-201	Ifit1	ENSMUST00000102824	protein_coding	4.56349206349206	0.336185474783234	27.5239740306153	2.14533886692608	-2.67387262968138	46	4621
Tubb2b-201	Tubb2b	ENSMUST00000075774	protein_coding	5.25793650793651	0.374803602595796	29.3763773899577	2.34476400247101	-2.64523276540587	53	4932
Ndrg1-201	Ndrg1	ENSMUST00000005256	protein_coding	2.57936507936508	0.177458820588585	15.325510751087	1.10978760533824	-2.6447205752707	26	2573
Oasl2-205	Oasl2	ENSMUST00000144064	nonsense_mediated_decay	2.48015873015873	0.18301691184159	15.6888438858777	1.14341358161936	-2.6432918376158	25	2634
Oat-201	Oat	ENSMUST00000084500	protein_coding	1.88492063492064	0.127837200680414	11.1501578414438	0.793023457443228	-2.63304635274192	19	1872
Actb-201	Actb	ENSMUST00000100497	protein_coding	3.57142857142857	0.23906105187352	21.1507534695336	1.4799687173198	-2.63011061273105	36	3551
Asrgl1-201	Asrgl1	ENSMUST00000049948	protein_coding	3.86904761904762	0.273249363677625	22.6457799749836	1.64433901650096	-2.58921332909579	39	3802
Vamp3-201	Vamp3	ENSMUST00000030797	protein_coding	2.77777777777778	0.189684457107593	16.332122222884	1.14120719913911	-2.58888103838397	28	2742
Ddit4l-201	Ddit4l	ENSMUST00000053855	protein_coding	1.78571428571429	0.129273944590632	10.6974804931801	0.773141243543507	-2.58029118070046	18	1796
Ramp2-202	Ramp2	ENSMUST00000122006	protein_coding	2.38095238095238	0.161458885144362	12.3116326165942	0.939792459463349	-2.54116795672907	24	2067
Phlda3-201	Phlda3	ENSMUST00000038945	protein_coding	7.83730158730159	0.563493245127527	42.2538566918816	3.23940367018511	-2.5232559209449	79	7094
Efnb3-201	Efnb3	ENSMUST00000004036	protein_coding	2.97619047619048	0.21081084950795	16.8443623801299	1.20113498802645	-2.51037163000194	30	2828
Qk-201	Qk	ENSMUST00000042296	protein_coding	8.92857142857143	0.66973411227366	47.2928703317649	3.78549321210016	-2.49881915090671	90	7940
Hist1h1c-201	Hist1h1c	ENSMUST00000040914	protein_coding	2.77777777777778	0.20345579027175	16.2129966049199	1.14648960690013	-2.49443019951415	28	2722
Gna13-201	Gna13	ENSMUST00000020930	protein_coding	2.57936507936508	0.178957887825867	14.0389540770743	1.00448986022365	-2.48876433642551	26	2357
Pou3f1-201	Pou3f1	ENSMUST00000053491	protein_coding	2.38095238095238	0.167346761935432	13.1752933468342	0.923067116275594	-2.46358785614636	24	2212
Enpp2-201	Enpp2	ENSMUST00000041591	protein_coding	2.38095238095238	0.164090584073258	12.8893918637203	0.902274933528116	-2.45906745733308	24	2164
Gprc5b-201	Gprc5b	ENSMUST00000008878	protein_coding	2.38095238095238	0.158186004603611	12.2580260885103	0.850401904933649	-2.4265154408159	24	2058
Fnbp1-201	Fnbp1	ENSMUST00000073879	protein_coding	2.18253968253968	0.149564653347057	11.5611412234201	0.798464432482515	-2.41645104225017	22	1941
Zbtb20-204	Zbtb20	ENSMUST00000114694	protein_coding	13.1944444444444	0.97988037522216	64.030019655727	5.06118863445851	-2.36879751902043	133	10750
Reep3-201	Reep3	ENSMUST00000020023	protein_coding	3.27380952380952	0.226898645301567	16.2963845374948	1.14267851480462	-2.33229457144634	33	2736
Mast3-206	Mast3	ENSMUST00000212140	protein_coding	2.48015873015873	0.171630060411204	12.1805944368336	0.846015097693962	-2.301374450866	25	2045
Rpp25l-201	Rpp25l	ENSMUST00000038434	protein_coding	2.57936507936508	0.171622210317244	11.7040919649771	0.827315282270572	-2.26919429980549	26	1965
Psme2b-201	Psme2b	ENSMUST00000104958	protein_coding	5.95238095238095	0.415034554741766	27.0296027160641	1.99386094338394	-2.26425868197789	60	4538
Slc12a2-201	Slc12a2	ENSMUST00000115366	protein_coding	3.86904761904762	0.273237061515879	17.5769849306093	1.30237610481799	-2.25291687575908	39	2951
Pttg1ip-201	Pttg1ip	ENSMUST00000009435	protein_coding	2.77777777777778	0.188176008165284	12.478408481744	0.887951437042452	-2.23839203350022	28	2095
Lamp2-202	Lamp2	ENSMUST00000061755	protein_coding	3.27380952380952	0.229892411768605	15.0038715825838	1.06688004686991	-2.21436230283966	33	2519
Abca1-201	Abca1	ENSMUST00000030010	protein_coding	2.48015873015873	0.17764914376153	11.4062779200667	0.824355608004766	-2.21422971099248	25	1915
Bpgm-201	Bpgm	ENSMUST00000045372	protein_coding	3.07539682539683	0.203424886122604	13.6398832568944	0.943276325781146	-2.21317871395568	31	2290
Syf2-201	Syf2	ENSMUST00000030622	protein_coding	2.28174603174603	0.157611899444834	10.3817976055751	0.725739032171439	-2.20306723849376	23	1743
Phlpp1-201	Phlpp1	ENSMUST00000061047	protein_coding	3.27380952380952	0.219661776412773	14.5392816725237	1.00323515158618	-2.19129892211374	33	2441
Tubb4b-201	Tubb4b	ENSMUST00000043584	protein_coding	5.55555555555556	0.378597606888708	23.4022276490559	1.71601132901131	-2.18031891063919	56	3929
Slain1-201	Slain1	ENSMUST00000069443	protein_coding	2.87698412698413	0.198292566567893	12.8476978974328	0.893010410559241	-2.1710407381114	29	2157
Jam3-201	Jam3	ENSMUST00000034472	protein_coding	2.77777777777778	0.187049887891113	12.0019060098874	0.831823105446289	-2.15284767940253	28	2015
Scand1-201	Scand1	ENSMUST00000079125	protein_coding	8.23412698412698	0.569533137289463	34.0401453332539	2.49613323097528	-2.13184129470416	83	5715
Ddit4-201	Ddit4	ENSMUST00000020308	protein_coding	2.97619047619048	0.208511981885222	12.9906486389898	0.906866304044715	-2.12075425833785	30	2181
Rab9-202	Rab9	ENSMUST00000112091	protein_coding	3.76984126984127	0.259505545365926	15.956876526297	1.12717579663645	-2.11887098631952	38	2679
Serinc5-201	Serinc5	ENSMUST00000049488	protein_coding	3.07539682539683	0.221480998063466	13.6398832568944	0.959125452031132	-2.11453159182405	31	2290
Ptn-201	Ptn	ENSMUST00000101534	protein_coding	12.8968253968254	0.919767131741011	49.4847817023051	3.8465960442248	-2.06424058897705	130	8308
Isg15-201	Isg15	ENSMUST00000085425	protein_coding	11.4087301587302	0.86756230313619	41.6522723211627	3.61837523720074	-2.06030149138453	115	6993
Sypl-201	Sypl	ENSMUST00000020885	protein_coding	4.96031746031746	0.338488718910164	19.8999344809101	1.4112203161043	-2.05976033768043	50	3341
Plp1-202	Plp1	ENSMUST00000113085	protein_coding	8.53174603174603	0.672440314969016	27.9528262552862	2.79119830614735	-2.05340487204359	86	4693
Ogfr-201	Ogfr	ENSMUST00000029087	protein_coding	3.07539682539683	0.215346366634684	12.5975340997081	0.888296936577667	-2.0443779582542	31	2115
Vta1-205	Vta1	ENSMUST00000154132	protein_coding	2.67857142857143	0.182328138375727	10.6915242122819	0.741641213794914	-2.0241782238543	27	1795
Msmo1-201	Msmo1	ENSMUST00000034015	protein_coding	3.57142857142857	0.230186267113014	13.0859491333611	0.917109497068049	-1.9942875333366	36	2197
Dazap2-201	Dazap2	ENSMUST00000000356	protein_coding	5.25793650793651	0.365739037650995	20.5134314134255	1.44807964432363	-1.98525147644066	53	3444
Atp1b2-202	Atp1b2	ENSMUST00000130394	processed_transcript	8.03571428571429	0.554165787936011	27.9587825361844	2.19391905628038	-1.98511880108465	81	4694
Gnai2-201	Gnai2	ENSMUST00000055704	protein_coding	4.56349206349206	0.309556745831753	17.1421764250402	1.22317354523323	-1.98234982472149	46	2878
Sema4d-204	Sema4d	ENSMUST00000110042	protein_coding	2.57936507936508	0.179773767978709	10.0482458752755	0.692398525556893	-1.94541418841214	26	1687
Ppp2r5a-201	Ppp2r5a	ENSMUST00000067976	protein_coding	3.27380952380952	0.222456186454673	12.275894931205	0.855376727555857	-1.94303393723993	33	2061
Plcl1-201	Plcl1	ENSMUST00000042986	protein_coding	5.65476190476191	0.39462598532086	20.6206444695932	1.49317291797047	-1.9198206949902	57	3462
Slc16a2-201	Slc16a2	ENSMUST00000042664	protein_coding	3.86904761904762	0.26835064292896	13.9972601107868	1.0134353954695	-1.91705892044743	39	2350
Slc3a2-201	Slc3a2	ENSMUST00000010239	protein_coding	4.66269841269841	0.31709823499244	16.3976413127643	1.19036162862745	-1.90839483690303	47	2753
Pip4k2a-201	Pip4k2a	ENSMUST00000006912	protein_coding	2.77777777777778	0.189330959472718	10.3460599201858	0.709531925934289	-1.90595167388826	28	1737
Cryab-201	Cryab	ENSMUST00000034562	protein_coding	4.16666666666667	0.296458930761726	15.8377509083328	1.1090753181347	-1.90344961434435	42	2659
Serpine2-201	Serpine2	ENSMUST00000027467	protein_coding	5.8531746031746	0.426248832259883	21.0018464470784	1.58796811294562	-1.89741167986415	59	3526
Arap2-204	Arap2	ENSMUST00000160620	retained_intron	3.07539682539683	0.211983041196144	11.471797009947	0.78914243969861	-1.8963318990394	31	1926
Jun-201	Jun	ENSMUST00000107094	protein_coding	8.92857142857143	0.628371672458321	31.1513490976235	2.31177346397118	-1.8793083106174	90	5230
Abhd17b-201	Abhd17b	ENSMUST00000052556	protein_coding	3.86904761904762	0.26142069999328	13.8245279647388	0.958458300983476	-1.87433827130947	39	2321
Atp1b2-201	Atp1b2	ENSMUST00000047889	protein_coding	3.67063492063492	0.241474177536961	12.1448567514444	0.881271135760787	-1.86771269570064	37	2039
Cdc42-202	Cdc42	ENSMUST00000051477	protein_coding	7.24206349206349	0.496592990017404	25.4571445589374	1.80940862033369	-1.86538034051687	73	4274
Glud1-201	Glud1	ENSMUST00000022322	protein_coding	12.5992063492064	0.885989132681492	41.0089939841563	3.2009692239161	-1.8531467200875	127	6885
Ado-201	Ado	ENSMUST00000075686	protein_coding	3.76984126984127	0.247793771811769	12.8774793019239	0.890417687241642	-1.84533812230543	38	2162
Sptssa-201	Sptssa	ENSMUST00000056228	protein_coding	4.06746031746032	0.274811288802153	14.1282982905474	0.98094310594673	-1.83572441552863	41	2372
Atg101-201	Atg101	ENSMUST00000048393	protein_coding	3.27380952380952	0.219447354644348	10.8761689201263	0.782051546265311	-1.83338409239608	33	1826
Slc41a1-201	Slc41a1	ENSMUST00000086559	protein_coding	5.35714285714286	0.376222827946407	18.4406456608494	1.33844574128005	-1.83089660398094	54	3096
Arhgap23-201	Arhgap23	ENSMUST00000093940	protein_coding	3.17460317460317	0.223311433232958	11.4956221335398	0.790388123719862	-1.82349951714909	32	1930
Mcl1-201	Mcl1	ENSMUST00000037947	protein_coding	8.92857142857143	0.641625054323843	30.6093275358866	2.25723554769057	-1.81475298285816	90	5139
Med10-201	Med10	ENSMUST00000022089	protein_coding	3.57142857142857	0.248764922416468	12.3235451783906	0.865826116083603	-1.79929011456587	36	2069
Map6d1-201	Map6d1	ENSMUST00000040880	protein_coding	3.17460317460317	0.220753548379584	11.0786824706653	0.760456353942155	-1.78442418146075	32	1860
Cpox-201	Cpox	ENSMUST00000060077	protein_coding	4.26587301587302	0.287782614983642	14.0866043242599	0.990123309164989	-1.78262521126089	43	2365
Gm9774-202	Gm9774	ENSMUST00000192538	protein_coding	5.05952380952381	0.348308994780283	16.933706593603	1.19208009420235	-1.77503860509229	51	2843
Saysd1-201	Saysd1	ENSMUST00000059666	protein_coding	3.27380952380952	0.225760910423819	10.9595568527012	0.770706852576293	-1.77138198898931	33	1840
Ifit2-201	Ifit2	ENSMUST00000102826	protein_coding	3.57142857142857	0.242466494140888	10.7451307403657	0.824685998690237	-1.76605531485711	36	1804
Ccng1-201	Ccng1	ENSMUST00000020576	protein_coding	5.25793650793651	0.376057458528122	17.9403180654	1.27776682302128	-1.76459686268063	53	3012
Tspan2-201	Tspan2	ENSMUST00000029451	protein_coding	7.44047619047619	0.525597195863051	20.6087319077968	1.76761277038339	-1.74977084672165	75	3460
Kctd13-201	Kctd13	ENSMUST00000032924	protein_coding	3.76984126984127	0.253648961950643	12.2222884031211	0.841700654523705	-1.73047000917489	38	2052
Sdhaf1-201	Sdhaf1	ENSMUST00000098586	protein_coding	4.66269841269841	0.321965959839561	15.0574781106677	1.06151975405135	-1.7211480259199	47	2528
Rrbp1-202	Rrbp1	ENSMUST00000037875	protein_coding	3.86904761904762	0.265683721733005	12.6094466615046	0.871129292187632	-1.71317324660081	39	2117
Ramp1-201	Ramp1	ENSMUST00000097648	protein_coding	9.52380952380952	0.680348779108381	29.1857764012151	2.22938898247957	-1.71230045060952	96	4900
Ntrk2-202	Ntrk2	ENSMUST00000109838	protein_coding	5.8531746031746	0.428741500271933	18.8218476383346	1.40145753735565	-1.70874572191651	59	3160
Cfl1-202	Cfl1	ENSMUST00000209469	protein_coding	4.96031746031746	0.323642417275139	15.2719042230032	1.05773834956722	-1.7085070935158	50	2564
Sqle-201	Sqle	ENSMUST00000022977	protein_coding	3.86904761904762	0.268958445585192	12.621359223301	0.875889188028429	-1.70336135200443	39	2119
Cldnd1-201	Cldnd1	ENSMUST00000023426	protein_coding	3.76984126984127	0.251618286721435	11.9780808862946	0.818895271897405	-1.70243821025855	38	2011
Gm10093-201	Gm10093	ENSMUST00000079363	protein_coding	3.47222222222222	0.232758750993954	10.7987372684496	0.755129753569722	-1.69788486602418	35	1813
Sox2-201	Sox2	ENSMUST00000099151	protein_coding	4.26587301587302	0.304041232066841	13.9674787062958	0.983586027120216	-1.69378097606082	43	2345
Marcksl1-201	Marcksl1	ENSMUST00000062356	protein_coding	6.94444444444445	0.487663887419137	21.8833760200131	1.57144201275231	-1.68812794970444	70	3674
Tmem47-201	Tmem47	ENSMUST00000026760	protein_coding	6.6468253968254	0.451394707143074	19.1137054023468	1.43413213612201	-1.66771435780348	67	3209
Prdx3-201	Prdx3	ENSMUST00000025961	protein_coding	4.36507936507936	0.286503850288084	12.9429983918042	0.903610367866685	-1.65714285783206	44	2173
Rprm-201	Rprm	ENSMUST00000100089	protein_coding	3.57142857142857	0.267353350091242	11.5134909762344	0.841542300830101	-1.65428435515131	36	1933
Scd2-201	Scd2	ENSMUST00000026221	protein_coding	18.2539682539683	1.32290724905644	50.5688248257788	4.15077550648635	-1.64966824760097	184	8490
Cd81-201	Cd81	ENSMUST00000037941	protein_coding	5.65476190476191	0.377224398842428	16.9873131216868	1.18325528866093	-1.64926386756526	57	2852
Junb-201	Junb	ENSMUST00000064922	protein_coding	6.54761904761905	0.468565069453851	19.8225028292334	1.46583049333347	-1.64539487363508	66	3328
Pts-201	Pts	ENSMUST00000034570	protein_coding	3.86904761904762	0.262694175074075	11.6028351897075	0.818154369307881	-1.63898513708439	39	1948
H2afj-201	H2afj	ENSMUST00000074556	protein_coding	11.7063492063492	0.820496893640121	34.7668116028352	2.55464738144081	-1.63855319890483	118	5837
Smad7-201	Smad7	ENSMUST00000026999	protein_coding	3.47222222222222	0.242073963957729	10.953600571803	0.752897183806181	-1.63700089938111	35	1839
Phax-203	Phax	ENSMUST00000132628	protein_coding	4.56349206349206	0.311435072917031	13.5743641670141	0.95470838654559	-1.61612558561782	46	2279
Lamp1-201	Lamp1	ENSMUST00000033824	protein_coding	15.2777777777778	1.05528291776592	43.1532551075109	3.23049880529485	-1.61412618854315	154	7245
Rhob-201	Rhob	ENSMUST00000067384	protein_coding	16.3690476190476	1.14558897211264	45.5834177139794	3.49029380548709	-1.60725812869999	165	7653
Tm7sf3-201	Tm7sf3	ENSMUST00000037709	protein_coding	4.66269841269841	0.316379274001683	13.8602656501281	0.96329170830229	-1.60631459326524	47	2327
Grpel1-201	Grpel1	ENSMUST00000031099	protein_coding	6.54761904761905	0.443434334380386	18.9647983798916	1.34858196272567	-1.6046486380917	66	3184
Nudt2-201	Nudt2	ENSMUST00000030154	protein_coding	3.86904761904762	0.259741111447351	11.1978080886295	0.783176738210636	-1.59225982286719	39	1880
Rac1-202	Rac1	ENSMUST00000100489	protein_coding	8.43253968253968	0.57802587027437	24.6053963904938	1.73799027373723	-1.58821237374575	85	4131
Hist1h1e-201	Hist1h1e	ENSMUST00000062045	protein_coding	8.33333333333333	0.605319959398855	25.1652867949253	1.81560136041173	-1.58467605827121	84	4225
Nudcd2-201	Nudcd2	ENSMUST00000020578	protein_coding	3.67063492063492	0.252197024369849	10.7927809875514	0.755665131750902	-1.58319198985263	37	1812
Sdhc-202	Sdhc	ENSMUST00000111336	protein_coding	7.93650793650794	0.5463519879224	22.9257251771994	1.63573589234144	-1.58203545560076	80	3849
Shisa4-202	Shisa4	ENSMUST00000159181	retained_intron	4.56349206349206	0.314285829169137	13.5326702007267	0.940711081270746	-1.58167141821236	46	2272
Irf2bpl-201	Irf2bpl	ENSMUST00000038422	protein_coding	4.26587301587302	0.290922119193373	12.1448567514444	0.86575261543692	-1.57331855755918	43	2039
Gm12166-201	Gm12166	ENSMUST00000093169	protein_coding	5.95238095238095	0.410683940867427	17.3149085710882	1.20870823457762	-1.55736328142326	60	2907
Gm2a-201	Gm2a	ENSMUST00000000608	protein_coding	3.67063492063492	0.254121428813838	10.5723985943177	0.744443169726448	-1.55063994353109	37	1775
Hmgn1-201	Hmgn1	ENSMUST00000050884	protein_coding	3.96825396825397	0.27431572107451	11.2811960212044	0.802945802425737	-1.54946184328024	40	1894
Nutf2-ps1-201	Nutf2-ps1	ENSMUST00000095978	protein_coding	7.93650793650794	0.530809472760369	22.0025016379772	1.55347481333256	-1.54923103963532	80	3694
Cav2-201	Cav2	ENSMUST00000000058	protein_coding	5.25793650793651	0.353489230763239	14.0985168860563	1.03361899104753	-1.54796362866409	53	2367
Exoc4-201	Exoc4	ENSMUST00000052266	protein_coding	4.96031746031746	0.35023006840459	14.5035439871344	1.01230530410407	-1.53126691382	50	2435
Myo6-211	Myo6	ENSMUST00000183377	retained_intron	4.06746031746032	0.282568719481137	11.5194472571326	0.813795745301001	-1.52606163752914	41	1934
H1f0-201	H1f0	ENSMUST00000180086	protein_coding	10.7142857142857	0.739468978914075	29.3823336708559	2.12698546399663	-1.52424736918122	108	4933
Eef2-201	Eef2	ENSMUST00000047864	protein_coding	7.73809523809524	0.530032362007889	21.4128298290547	1.51731253997378	-1.51736416156351	78	3595
Imp3-201	Imp3	ENSMUST00000034827	protein_coding	8.13492063492063	0.55710010362685	22.4492227053428	1.5882475858037	-1.51142565543206	82	3769
Chmp5-201	Chmp5	ENSMUST00000030128	protein_coding	4.56349206349206	0.308655760081614	12.6690094704866	0.879709860818143	-1.51102603445486	46	2127
Pigyl-201	Pigyl	ENSMUST00000123680	protein_coding	5.15873015873016	0.359153511337068	14.777532908452	1.02355080201373	-1.51090757665597	52	2481
Slc20a2-201	Slc20a2	ENSMUST00000067786	protein_coding	3.76984126984127	0.257922116139043	10.5187920662338	0.73336944243693	-1.50760104199951	38	1766
Utp14b-202	Utp14b	ENSMUST00000151622	protein_coding	3.57142857142857	0.263387697559276	10.5902674370123	0.73989810198602	-1.49013510926953	36	1778
Tmem128-201	Tmem128	ENSMUST00000087511	protein_coding	5.8531746031746	0.389833513980005	15.6292810768956	1.09242877556165	-1.48660681193898	59	2624
Tceal8-201	Tceal8	ENSMUST00000060101	protein_coding	6.25	0.427616818766969	16.8384060992316	1.18931454682375	-1.47573766253741	63	2827
Sf3b5-201	Sf3b5	ENSMUST00000105139	protein_coding	10.7142857142857	0.751952088958299	28.8403121091191	2.08721014935487	-1.4728619893684	108	4842
Lrrc58-201	Lrrc58	ENSMUST00000078717	protein_coding	13.1944444444444	0.944719222354282	35.8091607600214	2.61499383281844	-1.46884905026761	133	6012
Mrpl43-201	Mrpl43	ENSMUST00000097715	protein_coding	3.86904761904762	0.261330993604082	10.4830543808446	0.722952492764228	-1.46801908471004	39	1760
B430305J03Rik-201	B430305J03Rik	ENSMUST00000066298	protein_coding	8.43253968253968	0.581237478204904	21.966763952588	1.58775694309863	-1.44978886927839	85	3688
Pik3ip1-201	Pik3ip1	ENSMUST00000045153	protein_coding	3.76984126984127	0.271737318629372	10.5187920662338	0.74120834950878	-1.44766306080085	38	1766
Gcsh-201	Gcsh	ENSMUST00000040484	protein_coding	4.46428571428571	0.310681337729935	11.8649115492287	0.846746957982007	-1.44649237584454	45	1992
Lrrn1-201	Lrrn1	ENSMUST00000049285	protein_coding	7.83730158730159	0.534878384754336	20.1739234022277	1.45625624824661	-1.44497972480824	79	3387
Emb-203	Emb	ENSMUST00000224821	processed_transcript	8.13492063492063	0.551409535506392	21.3592233009709	1.50098060577896	-1.44470755960861	82	3586
Add1-213	Add1	ENSMUST00000152805	protein_coding	6.15079365079365	0.430056126663747	16.7967121329442	1.1660416246061	-1.43902030898055	62	2820
Prdx6-209	Prdx6	ENSMUST00000194613	retained_intron	5.95238095238095	0.426793133901406	15.6828876049795	1.14755147686526	-1.42694787650055	60	2633
Lrrc8c-201	Lrrc8c	ENSMUST00000067924	protein_coding	3.96825396825397	0.278162562421374	10.6617428077908	0.744515071018764	-1.42036954216348	40	1790
Pcbp1-201	Pcbp1	ENSMUST00000053015	protein_coding	13.2936507936508	0.941733430188302	34.7370301983442	2.51246377818275	-1.41571119030933	134	5832
Tprgl-201	Tprgl	ENSMUST00000030896	protein_coding	7.53968253968254	0.508442783768571	19.3162189528858	1.35488354278762	-1.41400974076016	76	3243
Tmed3-201	Tmed3	ENSMUST00000058488	protein_coding	4.36507936507936	0.305433467837315	11.5611412234201	0.807050264290437	-1.40179743973977	44	1941
Foxn3-201	Foxn3	ENSMUST00000046859	protein_coding	5.15873015873016	0.360343445818043	13.5445827625231	0.947555552978943	-1.39483544167646	52	2274
Secisbp2l-201	Secisbp2l	ENSMUST00000053699	protein_coding	7.83730158730159	0.541776408966483	19.7033772112693	1.42403989363743	-1.39421843380933	79	3308
P4hb-201	P4hb	ENSMUST00000026122	protein_coding	4.56349206349206	0.309679785545484	11.7993924593484	0.812033181194463	-1.39075858414616	46	1981
Rrs1-201	Rrs1	ENSMUST00000072079	protein_coding	4.16666666666667	0.274070627754767	10.1614152123414	0.711305626464842	-1.37591861735454	42	1706
Ywhae-201	Ywhae	ENSMUST00000067664	protein_coding	16.8650793650794	1.20418485518164	42.2836380963726	3.11820058309775	-1.37265612109275	170	7099
Uqcrfs1-201	Uqcrfs1	ENSMUST00000042834	protein_coding	15.2777777777778	1.07705299489137	37.3399249508607	2.75426435139136	-1.35457698136245	154	6269
Eif4g2-213	Eif4g2	ENSMUST00000162415	protein_coding	3.96825396825397	0.274771914512492	10.1435463696468	0.699379670443982	-1.34783812440332	40	1703
Ppp2r3a-202	Ppp2r3a	ENSMUST00000075941	protein_coding	5.8531746031746	0.397158688149578	14.4439811781524	1.00645399591636	-1.34149156160264	59	2425
Gatad1-201	Gatad1	ENSMUST00000007559	protein_coding	8.53174603174603	0.585013390679074	21.103103222348	1.48207461436176	-1.34107503583781	86	3543
Qk-202	Qk	ENSMUST00000097414	protein_coding	7.83730158730159	0.572424846240764	20.3764369527667	1.44650710453117	-1.33741368706924	79	3421
Cdv3-201	Cdv3	ENSMUST00000035484	protein_coding	10.1190476190476	0.698126379914296	24.6887843230687	1.75961317769427	-1.33369693173697	102	4145
Rnf7-201	Rnf7	ENSMUST00000057500	protein_coding	12.0039682539683	0.823577949806871	28.7747930192388	2.0702389295473	-1.32981911680415	121	4831
Sap18b-201	Sap18b	ENSMUST00000074053	protein_coding	18.452380952381	1.33328991606383	44.3802489725416	3.34214567445534	-1.32578344717695	186	7451
Gm10131-201	Gm10131	ENSMUST00000080152	protein_coding	17.8571428571429	1.27433061282373	42.5338018940973	3.19416189367545	-1.32569713654238	180	7141
Endod1-202	Endod1	ENSMUST00000213403	processed_transcript	4.86111111111111	0.327934365170464	11.7993924593484	0.817391055501092	-1.31761672832041	49	1981
Rbm8a2-201	Rbm8a2	ENSMUST00000104983	protein_coding	7.24206349206349	0.501607209070498	17.5055095598308	1.24460223091287	-1.31105303261435	73	2939
Rtn4-204	Rtn4	ENSMUST00000102842	protein_coding	17.3611111111111	1.23317430394848	40.0738578831378	3.03686210324755	-1.30020397280002	175	6728
Nfix-204	Nfix	ENSMUST00000109764	protein_coding	10.3174603174603	0.745382230817053	25.7192209184585	1.83278563557095	-1.29798457619853	104	4318
Tpgs1-201	Tpgs1	ENSMUST00000020552	protein_coding	7.73809523809524	0.53004538815646	18.3870391327655	1.29790941758989	-1.29200028036615	78	3087
Wnk1-208	Wnk1	ENSMUST00000159903	retained_intron	6.4484126984127	0.454742462380327	15.8854011555185	1.10937062632914	-1.28661792995011	65	2667
Chst2-201	Chst2	ENSMUST00000036267	protein_coding	9.62301587301587	0.662215571668898	22.1573649413306	1.61129547382426	-1.2828469510365	97	3720
Fam212b-202	Fam212b	ENSMUST00000098273	protein_coding	6.54761904761905	0.46948225791351	16.2070403240217	1.14174535946389	-1.28209657315168	66	2721
Laptm4a-201	Laptm4a	ENSMUST00000020909	protein_coding	22.1230158730159	1.56654231704111	49.3894812079338	3.80930845933099	-1.28194483108089	223	8292
Glmp-210	Glmp	ENSMUST00000193646	retained_intron	6.74603174603175	0.459352015589007	15.8794448746203	1.11496929292101	-1.27933006681505	68	2666
Tmbim6-201	Tmbim6	ENSMUST00000023749	protein_coding	13.5912698412698	0.946594822130193	31.9673595806778	2.28695831305509	-1.27261023944708	137	5367
Zfp580-201	Zfp580	ENSMUST00000069324	protein_coding	4.36507936507936	0.297244518323823	10.3043659538984	0.716530148627839	-1.26937436374564	44	1730
Gm10273-201	Gm10273	ENSMUST00000092511	protein_coding	9.92063492063492	0.679615086037914	22.8602060873191	1.63513979206603	-1.26662295717759	100	3838
Tuba1a-201	Tuba1a	ENSMUST00000097014	protein_coding	19.7420634920635	1.44779021456277	45.4404669724224	3.48304165305992	-1.26649457325892	199	7629
Degs1-201	Degs1	ENSMUST00000035295	protein_coding	8.53174603174603	0.584140947380252	19.9714098516886	1.40470238458515	-1.26587463101358	86	3353
Phf5a-201	Phf5a	ENSMUST00000023117	protein_coding	6.15079365079365	0.422429084066111	14.4439811781524	1.01053610733703	-1.25833781163199	62	2425
Rab5a-201	Rab5a	ENSMUST00000017975	protein_coding	4.86111111111111	0.321155547026692	11.1978080886295	0.768054404825076	-1.25793367845629	49	1880
Cln8-201	Cln8	ENSMUST00000027554	protein_coding	4.36507936507936	0.298267067538551	10.3698850437787	0.713007848576991	-1.25731044932383	44	1741
Pin1-201	Pin1	ENSMUST00000034689	protein_coding	10.1190476190476	0.693162190039941	23.1699326940259	1.65149669200105	-1.25250800512615	102	3890
Agpat4-201	Agpat4	ENSMUST00000024594	protein_coding	6.54761904761905	0.45087051739487	15.3195544701888	1.07272620153902	-1.2504949605404	66	2572
Gm20075-201	Gm20075	ENSMUST00000220449	protein_coding	6.74603174603175	0.451144646907885	15.0157841443802	1.06158138268662	-1.23455116360284	68	2521
Selenof-201	Selenof	ENSMUST00000082437	protein_coding	14.8809523809524	1.03578537484896	33.6470307939722	2.43583696532502	-1.23369168082824	150	5649
Dstn-201	Dstn	ENSMUST00000103172	protein_coding	8.63095238095238	0.599150829851788	19.9952349752814	1.40748265881781	-1.23212462752415	87	3357
Tpm3-rs7-201	Tpm3-rs7	ENSMUST00000072359	protein_coding	11.1111111111111	0.780714068031864	25.3678003454643	1.83390679173083	-1.23205308303669	112	4259
Mrpl17-202	Mrpl17	ENSMUST00000124482	protein_coding	4.56349206349206	0.317071865263506	10.5307046280303	0.74423687792131	-1.23094939965169	46	1768
Dnttip2-201	Dnttip2	ENSMUST00000035776	protein_coding	6.8452380952381	0.468474299946581	15.5756745488117	1.0953460932195	-1.22534321314391	69	2615
Cdkn1b-201	Cdkn1b	ENSMUST00000003115	protein_coding	8.03571428571429	0.549884170753682	18.3334326046816	1.28561783533212	-1.22526068511737	81	3078
Ubl3-201	Ubl3	ENSMUST00000079324	protein_coding	8.92857142857143	0.61895172518054	20.5729942224075	1.44334572051312	-1.22151677787476	90	3454
Psmd7-201	Psmd7	ENSMUST00000044106	protein_coding	4.86111111111111	0.331035031325229	11.1442015605456	0.771459501394812	-1.22060403857352	49	1871
Nr3c1-208	Nr3c1	ENSMUST00000152853	protein_coding	9.92063492063492	0.677883275657594	22.3003156828876	1.5749428948796	-1.2161895243436	100	3744
Naf1-201	Naf1	ENSMUST00000118009	protein_coding	4.86111111111111	0.336316050164124	10.9893382571922	0.765695375272041	-1.18695050716137	49	1845
Ctnnbip1-201	Ctnnbip1	ENSMUST00000030839	protein_coding	7.14285714285714	0.488835074266078	15.8079695038418	1.11214160290431	-1.18591912777039	72	2654
Arpc4-203	Arpc4	ENSMUST00000203578	protein_coding	6.6468253968254	0.4527611516447	14.5690630770147	1.02974326589192	-1.18546082543661	67	2446
Lsm1-201	Lsm1	ENSMUST00000038421	protein_coding	4.76190476190476	0.33478414935489	10.8880814819227	0.761221198075374	-1.18508209961407	48	1828
Tob1-201	Tob1	ENSMUST00000041589	protein_coding	7.83730158730159	0.543347632798692	17.6722854249806	1.23501797136227	-1.18458311616629	79	2967
Trappc5-201	Trappc5	ENSMUST00000044857	protein_coding	6.8452380952381	0.462995907806161	14.9443087736018	1.05175951483171	-1.18373177794838	69	2509
Jund-201	Jund	ENSMUST00000095267	protein_coding	21.7261904761905	1.56563942293972	47.1499195902079	3.53770755328645	-1.17606228931589	219	7916
Mrpl41-201	Mrpl41	ENSMUST00000045604	protein_coding	7.83730158730159	0.545340708519502	17.3327774137828	1.23165625172859	-1.17536843137117	79	2910
Mrps7-201	Mrps7	ENSMUST00000058109	protein_coding	5.25793650793651	0.363221055864997	11.6385728750968	0.812053788492653	-1.16072525803931	53	1954
Dennd5a-203	Dennd5a	ENSMUST00000130354	retained_intron	4.96031746031746	0.342791657655235	11.1799392459348	0.764950794024946	-1.15803262604909	50	1877
Brk1-201	Brk1	ENSMUST00000035725	protein_coding	16.6666666666667	1.17091574061052	35.6900351420573	2.60000841001379	-1.150878349712	168	5992
Uchl4-201	Uchl4	ENSMUST00000039011	protein_coding	6.34920634920635	0.432465054311621	13.6458395377926	0.959429410040621	-1.14959127253068	64	2291
Fscn1-201	Fscn1	ENSMUST00000031565	protein_coding	5.95238095238095	0.425123683686815	13.0323426052773	0.928990295493778	-1.12777905134047	60	2188
Vapa-201	Vapa	ENSMUST00000024897	protein_coding	9.42460317460317	0.638468064911005	19.7569837393532	1.38487154983956	-1.11706458549927	95	3317
Cggbp1-201	Cggbp1	ENSMUST00000067744	protein_coding	5.95238095238095	0.399477399876752	12.2639823694085	0.859694631101036	-1.10570847710713	60	2059
Tomm22-201	Tomm22	ENSMUST00000023062	protein_coding	11.4087301587302	0.793623079479126	24.0157245815713	1.70533011498649	-1.10352418224806	115	4032
Phyhipl-201	Phyhipl	ENSMUST00000046513	protein_coding	8.13492063492063	0.559458268059698	17.1123950205492	1.20183912170836	-1.10313998667809	82	2873
4931406P16Rik-208	4931406P16Rik	ENSMUST00000206018	retained_intron	8.73015873015873	0.620927331478295	18.6729406158794	1.32989253826571	-1.09881209349212	88	3135
Arf4-201	Arf4	ENSMUST00000022429	protein_coding	6.6468253968254	0.45546130487421	13.6696646613854	0.974212142976282	-1.09690578835955	67	2295
Senp6-213	Senp6	ENSMUST00000176640	protein_coding	5.55555555555556	0.38349195577873	11.674310560486	0.814286841310993	-1.08633878290687	56	1960
Timp4-201	Timp4	ENSMUST00000032462	protein_coding	6.4484126984127	0.462959588739911	13.3003752456966	0.982389918157764	-1.08540783971018	65	2233
Txn2-201	Txn2	ENSMUST00000005487	protein_coding	9.62301587301587	0.659316018990088	19.6140329977962	1.39627409309839	-1.08253898094668	97	3293
Mrpl36-201	Mrpl36	ENSMUST00000022098	protein_coding	6.4484126984127	0.431341998305279	12.996604919888	0.91003800360823	-1.07709284160438	65	2182
1110008F13Rik-201	1110008F13Rik	ENSMUST00000029165	protein_coding	11.7063492063492	0.822811355168832	24.295669783787	1.73397386644658	-1.07544762486106	118	4079
Cxxc5-201	Cxxc5	ENSMUST00000060722	protein_coding	7.14285714285714	0.485863181074538	14.6226696050986	1.02135908724437	-1.0718666045757	72	2455
Gm10053-201	Gm10053	ENSMUST00000073080	protein_coding	16.6666666666667	1.19016428229477	33.408779558044	2.49994778733969	-1.07073660147795	168	5609
Polr2a-201	Polr2a	ENSMUST00000058470	protein_coding	4.86111111111111	0.341074549448679	10.3817976055751	0.714286475232092	-1.06641348768944	49	1743
Pou3f3-201	Pou3f3	ENSMUST00000054883	protein_coding	10.7142857142857	0.778787655587274	22.8482935255227	1.63085159220627	-1.06632261317765	108	3836
Rab10-201	Rab10	ENSMUST00000021001	protein_coding	20.6349206349206	1.45446247744579	41.5510155458931	3.04346342460134	-1.06522743223717	208	6976
Cyp51-201	Cyp51	ENSMUST00000001507	protein_coding	8.43253968253968	0.571002257490392	16.993269402585	1.1913997264749	-1.0610878628106	85	2853
Emc6-201	Emc6	ENSMUST00000054952	protein_coding	14.2857142857143	1.00030316815585	28.6914050866639	2.06644793254464	-1.04671495615137	144	4817
Sqstm1-204	Sqstm1	ENSMUST00000136936	protein_coding	9.92063492063492	0.690328156119573	20.0845791887545	1.42507382976745	-1.0456813532108	100	3372
Map1lc3b-201	Map1lc3b	ENSMUST00000034270	protein_coding	11.2103174603175	0.793000076593469	22.8423372446245	1.62962314952563	-1.03914453530997	113	3835
Mrpl53-202	Mrpl53	ENSMUST00000129656	retained_intron	7.93650793650794	0.540675846797409	15.8198820656382	1.10726158988365	-1.0341589182958	80	2656
Eif4g2-206	Eif4g2	ENSMUST00000161051	protein_coding	5.35714285714286	0.372937620938565	10.9595568527012	0.762113633429368	-1.03106980884985	54	1840
Smim7-203	Smim7	ENSMUST00000167290	protein_coding	6.94444444444445	0.47978539942622	13.9913038298886	0.973794349395611	-1.02122634874277	70	2349
Ube2r2-201	Ube2r2	ENSMUST00000040008	protein_coding	5.65476190476191	0.393670112627673	11.3050211447972	0.792887985680482	-1.01012803261693	57	1898
Tubb4a-201	Tubb4a	ENSMUST00000071135	protein_coding	14.781746031746	1.04512160991102	26.481624873429	2.09615213218949	-1.00407191137393	149	4446
Tmeff2-201	Tmeff2	ENSMUST00000081851	protein_coding	13.2936507936508	0.932967147017507	24.7900410983382	1.87055934789508	-1.00357077959255	134	4162
Clip3-201	Clip3	ENSMUST00000014065	protein_coding	8.13492063492063	0.551717711327497	16.0045267734826	1.10503067329004	-1.0020829070136	82	2687
Ftl1-ps1-202	Ftl1-ps1	ENSMUST00000222435	protein_coding	37.0039682539683	2.79321779635959	68.9022574304604	5.58933156882452	-1.00074743265184	373	11568
