mouse	cb	leiden_subtype	classical_subtype	Pvalb	Sst	Vip	Lamp5
GSM9380799	GTAGTAAAGTGCGGTT_sample1	Neuron - GABA_2	Other	0	0	0	0
GSM9380799	CCTCACGCACAAGGTT_sample1	Neuron - GABA_2	Reln	0	0	0	0
GSM9380799	CTATTCGCAGGTAGTT_sample1	Neuron - GABA_1	Other	0	0	0	0
GSM9380799	TAGGTTACAGGTAGTT_sample1	Neuron - GABA_2	Other	0	0	0	0
GSM9380799	AACCTTAGTTCGAGTT_sample1	Neuron - GABA_2	Other	0	0	0	0
GSM9380799	GCACGATTCGCGAGTT_sample1	Neuron - GABA_2	Other	0	0	0	0
GSM9380799	CGGGTAGGTAGTGCTT_sample1	Neuron - GABA_2	Other	0	0	0	0
GSM9380799	CGTGTCAGTGATGCTT_sample1	Neuron - GABA_1	Calb2	0	0	0	0
GSM9380799	GCTCCTGCATGGCCTT_sample1	Neuron - GABA_1	Other	0	0	0	0
GSM9380799	GCATAACCAACTACTT_sample1	Neuron - GABA_1	Calb2	0	0	0	0
GSM9380799	AACTCAACACATACTT_sample1	Neuron - GABA_2	Other	0	0	0	0
GSM9380799	GGCATGGGTGCAACTT_sample1	Neuron - GABA_2	Other	0	0	0	0
GSM9380799	CACCGTTCACAGGATT_sample1	Neuron - GABA_2	Other	0	0	0	0
GSM9380799	AGGTTAGGTTGCGATT_sample1	Neuron - GABA_2	Other	0	0	0	0
GSM9380799	CTGGATGCAAGTGTGT_sample1	Neuron - GABA_2	Other	0	0	0	0
GSM9380799	GCATCACAGCTGGTGT_sample1	Neuron - GABA_2	Other	0	0	0	0
GSM9380799	CCGTGCTTCCAGGTGT_sample1	Neuron - GABA_1	Calb2	0	0	0	0
GSM9380799	ATCGCGCGTCTAGTGT_sample1	Neuron - GABA_1	Other	0	0	0	0
GSM9380799	CAGTTCCCAACCCTGT_sample1	Neuron - GABA_2	Other	0	0	0	0
GSM9380799	CGATTACGTCAACTGT_sample1	Neuron - GABA_1	Other	0	0	0	0
GSM9380799	AACCGATCATGGATGT_sample1	Neuron - GABA_2	Other	0	0	0	0
GSM9380799	GTCGCAACATTCATGT_sample1	Neuron - GABA_2	Other	0	0	0	0
GSM9380799	GTCCATAAGTGCTGGT_sample1	Neuron - GABA_2	Other	0	0	0	0
GSM9380799	GTGCCTAGTTCGCGGT_sample1	Neuron - GABA_2	Other	0	0	0	0
GSM9380799	CTTCGATTCGTACGGT_sample1	Neuron - GABA_2	Other	0	0	0	0
GSM9380799	TACGGGCCAGTTAGGT_sample1	Neuron - GABA_2	Other	0	0	0	0
GSM9380799	ACCTTCACACATAGGT_sample1	Neuron - GABA_2	Other	0	0	0	0
GSM9380799	TCCATAGAGTAGAGGT_sample1	Neuron - GABA_1	Calb1	0	0	0	0
GSM9380799	CTTGATGAGGGCAGGT_sample1	Neuron - GABA_1	Other	0	0	0	0
GSM9380799	CAACCCAGTAGCAGGT_sample1	Neuron - GABA_1	Other	0	0	0	0
GSM9380799	CTTATCGCATGCTCGT_sample1	Neuron - GABA_2	Calb1	0	0	0	0
GSM9380799	GTTAGAGGTGGCTCGT_sample1	Neuron - GABA_2	Calb1	0	0	0	0
GSM9380799	AAGTTGAAGTAATCGT_sample1	Neuron - GABA_2	Other	0	0	0	0
GSM9380799	AATCTGGTCTAGGCGT_sample1	Neuron - GABA_1	Other	0	0	0	0
GSM9380799	CACTATGAGTCAGCGT_sample1	Neuron - GABA_2	Other	0	0	0	0
GSM9380799	AAGCTAGGTGCACCGT_sample1	Neuron - GABA_1	Vip	0	0	9.10070110179025	0
GSM9380799	CTCTATATCGAACCGT_sample1	Neuron - GABA_1	Other	0	0	0	0
GSM9380799	CGAGCAAAGTCGACGT_sample1	Neuron - GABA_2	Other	0	0	0	0
GSM9380799	GGATAACAGTTAACGT_sample1	Neuron - GABA_2	Other	0	0	0	0
GSM9380799	TGCCTATTCCTCTAGT_sample1	Neuron - GABA_1	Calb2	0	0	0	0
GSM9380799	CGGATTCAGCCTGAGT_sample1	Neuron - GABA_2	Other	0	0	0	0
GSM9380799	ACTAACTAGGGGCAGT_sample1	Neuron - GABA_2	Other	0	0	0	0
GSM9380799	CTCAGTAAGGGGCAGT_sample1	Neuron - GABA_1	Other	0	0	0	0
GSM9380799	ACTTTGCTCGACCAGT_sample1	Neuron - GABA_2	Other	0	0	0	0
GSM9380799	CTTCGGCTCGTTAAGT_sample1	Neuron - GABA_1	Other	0	0	0	0
GSM9380799	AAGCTTGTCCGCAAGT_sample1	Neuron - GABA_2	Other	0	0	0	0
GSM9380799	CAAACCATCTAGCTCT_sample1	Neuron - GABA_1	Other	0	0	0	0
GSM9380799	CTATGTTCAATACTCT_sample1	Neuron - GABA_2	Vip	0	0	7.99280260537212	0
GSM9380799	CTCAGTAAGCGGATCT_sample1	Neuron - GABA_1	Calb2	0	0	0	0
GSM9380799	ACTATTGGTAGTTGCT_sample1	Neuron - GABA_1	Reln	0	0	0	0
GSM9380799	GTAGCTATCCCGTGCT_sample1	Neuron - GABA_1	Reln	0	0	0	0
GSM9380799	ATACAGCCACCATGCT_sample1	Neuron - GABA_2	Other	0	0	0	0
GSM9380799	GGATGGGCATTCGGCT_sample1	Neuron - GABA_2	Other	0	0	0	0
GSM9380799	ACGCCAACATTCGGCT_sample1	Neuron - GABA_2	Other	0	0	0	0
GSM9380799	GTAAGCTCATTGCGCT_sample1	Neuron - GABA_2	Other	0	0	0	0
GSM9380799	GCTTCACCAATGAGCT_sample1	Neuron - GABA_2	Other	0	0	0	0
GSM9380799	TACTACCTCCAGAGCT_sample1	Neuron - GABA_2	Other	0	0	0	0
GSM9380799	AGGAATGCAAATTCCT_sample1	Neuron - GABA_1	Other	0	0	0	0
GSM9380799	TCACGCCTCATGTCCT_sample1	Neuron - GABA_2	Other	0	0	0	0
GSM9380799	CTACACCCATGGTCCT_sample1	Neuron - GABA_2	Other	0	0	0	0
GSM9380799	AGAGATGCATGACCCT_sample1	Neuron - GABA_2	Other	0	0	0	0
GSM9380799	CACATCCCAGGGACCT_sample1	Neuron - GABA_2	Other	0	0	0	0
GSM9380799	TGCCTCATCCCATACT_sample1	Neuron - GABA_2	Other	0	0	0	0
GSM9380799	ACCCAACAGATTGACT_sample1	Neuron - GABA_2	Other	0	0	0	0
GSM9380799	AAAGCCAGTTTGGACT_sample1	Neuron - GABA_1	Calb2	0	0	0	0
GSM9380799	AGTCAAGGTGAGGACT_sample1	Neuron - GABA_1	Other	0	0	0	0
GSM9380799	CCCTATGTCATAGACT_sample1	Neuron - GABA_2	Calb1	0	0	0	0
GSM9380799	ACTTACCTCTGTCACT_sample1	Neuron - GABA_2	Other	0	0	0	0
GSM9380799	GTAAGCCTCTCACACT_sample1	Neuron - GABA_2	Other	0	0	0	0
GSM9380799	ACGCATATCCCTGTAT_sample1	Neuron - GABA_2	Other	0	0	0	0
GSM9380799	GCTATTGAGCATGTAT_sample1	Neuron - GABA_1	Calb2	0	0	0	0
GSM9380799	TGGAGTGAGCATGTAT_sample1	Neuron - GABA_2	Other	0	0	0	0
GSM9380799	TCTGCGGAGGAGGTAT_sample1	Neuron - GABA_2	Other	0	0	0	0
GSM9380799	CCATCACCATCACTAT_sample1	Neuron - GABA_1	Calb2	0	0	0	0
GSM9380799	ATCTAACAGGTCATAT_sample1	Neuron - GABA_1	Other	0	0	0	0
GSM9380799	CGATTAACAGGCATAT_sample1	Neuron - GABA_1	Other	0	0	0	0
GSM9380799	CGATTAACATGGTGAT_sample1	Neuron - GABA_1	Other	0	0	0	0
GSM9380799	GCGGTCATCGCGTGAT_sample1	Neuron - GABA_2	Other	0	0	0	0
GSM9380799	GGAATATGTTGCTGAT_sample1	Neuron - GABA_2	Other	0	0	0	0
GSM9380799	GTAGCAAGTCAGGGAT_sample1	Neuron - GABA_2	Other	0	0	0	0
GSM9380799	ACAACCGCACCTCGAT_sample1	Neuron - GABA_1	Reln	0	0	0	0
GSM9380799	GTCCGATAGTTACGAT_sample1	Neuron - GABA_2	Other	0	0	0	0
GSM9380799	TAGGGTAGTTCCAGAT_sample1	Neuron - GABA_1	Other	0	0	0	0
GSM9380799	AGCACTTGTTGGTCAT_sample1	Neuron - GABA_2	Reln	0	0	0	0
GSM9380799	CCGATTGGTGCATCAT_sample1	Neuron - GABA_2	Other	0	0	0	0
GSM9380799	GTTACTTCACCTGCAT_sample1	Neuron - GABA_2	Other	0	0	0	0
GSM9380799	CCTCTAACATAGGCAT_sample1	Neuron - GABA_1	Calb2	0	0	0	0
GSM9380799	GTACGTTGTCAACCAT_sample1	Neuron - GABA_1	Other	0	0	0	0
GSM9380799	CCTTGGTCACTTACAT_sample1	Neuron - GABA_1	Other	0	0	0	0
GSM9380799	AGAGAGGGTGAGTAAT_sample1	Neuron - GABA_2	Other	0	0	0	0
GSM9380799	GCGAAAGTCAGCTAAT_sample1	Neuron - GABA_2	Other	0	0	0	0
GSM9380799	ATGGTGAGTTCGCAAT_sample1	Neuron - GABA_2	Other	0	0	0	0
GSM9380799	TGGGTTATCGTAGTTG_sample1	Neuron - GABA_2	Reln	0	0	0	0
GSM9380799	CCATCCGCATAAGTTG_sample1	Neuron - GABA_1	Other	0	0	0	0
GSM9380799	ACGACAAGTTCGTGTG_sample1	Neuron - GABA_2	Other	0	0	0	0
GSM9380799	AGCTGAGAGCAAGGTG_sample1	Neuron - GABA_1	Other	0	0	0	0
GSM9380799	CACCAGACAAGTCGTG_sample1	Neuron - GABA_2	Reln	0	0	0	0
GSM9380799	CACTGGACAATGCGTG_sample1	Neuron - GABA_2	Other	0	0	0	0
GSM9380799	CTGGGGTCAACCAGTG_sample1	Neuron - GABA_2	Other	0	0	0	0
GSM9380799	TGAACCGCAACCAGTG_sample1	Neuron - GABA_2	Other	0	0	0	0
GSM9380799	ACCCAGTAGATTGCTG_sample1	Neuron - GABA_2	Other	0	0	0	0
GSM9380799	GTTGCTGGTTGTGCTG_sample1	Neuron - GABA_2	Other	0	0	0	0
GSM9380799	TCCCAATTCGTTCCTG_sample1	Neuron - GABA_1	Other	0	0	0	0
GSM9380799	GGCAATGAGTGTCATG_sample1	Neuron - GABA_2	Other	0	0	0	0
GSM9380799	CTGCACCTCCCTCATG_sample1	Neuron - GABA_2	Other	0	0	0	0
GSM9380799	TGGGATTCAAATCATG_sample1	Neuron - GABA_2	Other	0	0	0	0
GSM9380799	GCGTTTCCAACTAATG_sample1	Neuron - GABA_2	Reln	0	0	0	0
GSM9380799	AATCGAGGTGGGTTGG_sample1	Neuron - GABA_2	Other	0	0	0	0
GSM9380799	CCGGTCAAGGTATGGG_sample1	Neuron - GABA_1	Calb2	0	0	0	0
GSM9380799	TAGTTCTCACTATGGG_sample1	Neuron - GABA_1	Other	0	0	0	0
GSM9380799	TACAGCGCATTCAGGG_sample1	Neuron - GABA_2	Calb2	0	0	0	0
GSM9380799	ATCTCGCCATGATCGG_sample1	Neuron - GABA_1	Other	0	0	0	0
GSM9380799	CCGTCCACACAATCGG_sample1	Neuron - GABA_2	Other	0	0	0	0
GSM9380799	TCAGCGCGTAGTGCGG_sample1	Neuron - GABA_2	Other	0	0	0	0
GSM9380799	GGTAGTAGTAACGCGG_sample1	Neuron - GABA_2	Other	0	0	0	0
GSM9380799	ACCCGTGAGTAAGCGG_sample1	Neuron - GABA_2	Reln	0	0	0	0
GSM9380799	TGTCACCCAAATCCGG_sample1	Neuron - GABA_2	Other	0	0	0	0
GSM9380799	GGATAGGTCACACCGG_sample1	Neuron - GABA_2	Other	0	0	0	0
GSM9380799	ACACCAGCATAACCGG_sample1	Neuron - GABA_1	Other	0	0	0	0
GSM9380799	CTCACGAGTAGTTAGG_sample1	Neuron - GABA_2	Other	0	0	0	0
GSM9380799	ACATGAGGTGATTAGG_sample1	Neuron - GABA_1	Calb2	0	0	0	0
GSM9380799	GTTGCCCTCGATGAGG_sample1	Neuron - GABA_2	Other	0	0	0	0
GSM9380799	GCGTTTGGTAGCCAGG_sample1	Neuron - GABA_1	Other	0	0	0	0
GSM9380799	GTCAATGTCCACCAGG_sample1	Neuron - GABA_2	Other	0	0	0	0
GSM9380799	GTACATTAGGTCAAGG_sample1	Neuron - GABA_2	Other	0	0	0	0
GSM9380799	CCTATAGAGGCGTTCG_sample1	Neuron - GABA_2	Other	0	0	0	0
GSM9380799	CAAGCAAGTAGCTTCG_sample1	Neuron - GABA_2	Other	0	0	0	0
GSM9380799	ATCTACCTCACCTTCG_sample1	Neuron - GABA_2	Other	0	0	0	0
GSM9380799	CCCGATGAGTGATTCG_sample1	Neuron - GABA_1	Other	0	0	0	0
GSM9380799	CAGTCTAAGGGTCTCG_sample1	Neuron - GABA_2	Other	0	0	0	0
GSM9380799	AAAGTCAAGGTGCTCG_sample1	Neuron - GABA_2	Calb2	0	0	0	0
GSM9380799	CGAAGGATCAGGCTCG_sample1	Neuron - GABA_2	Other	0	0	0	0
GSM9380799	CCGACTAGTTATATCG_sample1	Neuron - GABA_2	Other	0	0	0	0
GSM9380799	CTCGGATAGCATATCG_sample1	Neuron - GABA_2	Other	0	0	0	0
GSM9380799	CCTTGCATCATGATCG_sample1	Neuron - GABA_1	Other	0	0	0	0
GSM9380799	ACTCTCACATTCATCG_sample1	Neuron - GABA_2	Other	0	0	0	0
GSM9380799	GCTCCTGCAAATCGCG_sample1	Neuron - GABA_1	Other	0	0	0	0
GSM9380799	ACACGTTGTGCAAGCG_sample1	Neuron - GABA_1	Other	0	0	0	0
GSM9380799	CGAGCCATCACTTCCG_sample1	Neuron - GABA_2	Reln	0	0	0	0
GSM9380799	TACTTCATCAGTGCCG_sample1	Neuron - GABA_2	Other	0	0	0	0
GSM9380799	CGTTAATAGCTAGCCG_sample1	Neuron - GABA_2	Other	0	0	0	0
GSM9380799	TGAGTGAGTGAAGCCG_sample1	Neuron - GABA_2	Other	0	0	0	0
GSM9380799	TAAACCACATAGACCG_sample1	Neuron - GABA_1	Calb1	0	0	0	0
GSM9380799	GCAACGTTCAGTTACG_sample1	Neuron - GABA_2	Other	0	0	0	0
GSM9380799	TGAGAACAGCGCTACG_sample1	Neuron - GABA_2	Other	0	0	0	0
GSM9380799	TATCTCATCTATGACG_sample1	Neuron - GABA_2	Other	0	0	0	0
GSM9380799	GGATGGGCAATCGACG_sample1	Neuron - GABA_1	Calb2	0	0	0	0
GSM9380799	AAACGTAAGCCACACG_sample1	Neuron - GABA_2	Reln	0	0	0	0
GSM9380799	AAGTACGGTTAGGTAG_sample1	Neuron - GABA_2	Other	0	0	0	0
GSM9380799	AACCCTGGTTCCGTAG_sample1	Neuron - GABA_2	Other	0	0	0	0
GSM9380799	GGTGATGAGTAAGTAG_sample1	Neuron - GABA_2	Other	0	0	0	0
GSM9380799	AGACAACAGCATCTAG_sample1	Neuron - GABA_1	Other	0	0	0	0
GSM9380799	CATCCAGGTTCGCTAG_sample1	Neuron - GABA_2	Other	0	0	0	0
GSM9380799	TGAGCTGCATAACTAG_sample1	Neuron - GABA_2	Reln	0	0	0	0
GSM9380799	AGGTTGCTCACTTGAG_sample1	Neuron - GABA_1	Other	0	0	0	0
GSM9380799	CAGCTATGTATGTGAG_sample1	Neuron - GABA_2	Other	0	0	0	0
GSM9380799	GCGGCTTGTGCGTGAG_sample1	Neuron - GABA_1	Calb1	0	0	0	0
GSM9380799	TCGTTTCAGTCAGGAG_sample1	Neuron - GABA_2	Reln	0	0	0	0
GSM9380799	GCGTCAACATAAGGAG_sample1	Neuron - GABA_2	Other	0	0	0	0
GSM9380799	GTGGAACGTTGGCGAG_sample1	Neuron - GABA_1	Calb2	0	0	0	0
GSM9380799	TCTAGTGAGTAGCGAG_sample1	Neuron - GABA_2	Other	0	0	0	0
GSM9380799	AGCCGATTCGTGAGAG_sample1	Neuron - GABA_1	Calb1	0	0	0	0
GSM9380799	GGGCAACAGCTATCAG_sample1	Neuron - GABA_2	Other	0	0	0	0
GSM9380799	TGTGCGCGTCTTGCAG_sample1	Neuron - GABA_2	Other	0	0	0	0
GSM9380799	TGGCGCATCTATGCAG_sample1	Neuron - GABA_2	Reln	0	0	0	0
GSM9380799	ACACATTAGGATGCAG_sample1	Neuron - GABA_1	Other	0	0	0	0
GSM9380799	ATGAAACGTTGGGCAG_sample1	Neuron - GABA_2	Other	0	0	0	0
GSM9380799	CCTCCAGCAGGAGCAG_sample1	Neuron - GABA_2	Reln	0	0	0	0
GSM9380799	TCGCGCAAGGTCCCAG_sample1	Neuron - GABA_1	Other	0	0	0	0
GSM9380799	AACGCTTGTTCACCAG_sample1	Neuron - GABA_2	Reln	0	0	0	0
GSM9380799	CGCGAACCACAACCAG_sample1	Neuron - GABA_2	Other	0	0	0	0
GSM9380799	GCCAACTAGGTGACAG_sample1	Neuron - GABA_2	Other	0	0	0	0
GSM9380799	ATTACCTCAGCCTAAG_sample1	Neuron - GABA_2	Other	0	0	0	0
GSM9380799	CTTGGGACAAGTGAAG_sample1	Neuron - GABA_2	Other	0	0	0	0
GSM9380799	TACTGTGAGTATGAAG_sample1	Neuron - GABA_1	Reln	0	0	0	0
GSM9380799	GTGCGCATCTGGGAAG_sample1	Neuron - GABA_2	Other	0	0	0	0
GSM9380799	CCACGCAAGGTCGAAG_sample1	Neuron - GABA_2	Reln	0	0	0	0
GSM9380799	GCTAGGCCAATTCAAG_sample1	Neuron - GABA_1	Other	0	0	0	0
GSM9380799	CATCTAAGTTAGCAAG_sample1	Neuron - GABA_2	Other	0	0	0	0
GSM9380799	CATCCCTGTGCGGTTC_sample1	Neuron - GABA_1	Other	0	0	0	0
GSM9380799	TGGATGGAGCCCGTTC_sample1	Neuron - GABA_2	Other	0	0	0	0
GSM9380799	TATGTTGGTCAAGTTC_sample1	Neuron - GABA_2	Reln	0	0	0	0
GSM9380799	GCTTGCCTCTAGCTTC_sample1	Neuron - GABA_2	Other	0	0	0	0
GSM9380799	TCAACCTTCGTACTTC_sample1	Neuron - GABA_2	Other	0	0	0	0
GSM9380799	AGGCGGACATAACTTC_sample1	Neuron - GABA_1	Reln	0	0	0	0
GSM9380799	CCGTCGTTCACCATTC_sample1	Neuron - GABA_1	Calb2	0	0	0	0
GSM9380799	CAAGGTAGTTCCTGTC_sample1	Neuron - GABA_2	Calb2	0	0	0	0
GSM9380799	GCGTAGCCACTTGGTC_sample1	Neuron - GABA_2	Reln	0	0	0	0
GSM9380799	CTGCATGGTATTGGTC_sample1	Neuron - GABA_2	Other	0	0	0	0
GSM9380799	CCTACGAGTATTGGTC_sample1	Neuron - GABA_2	Other	0	0	0	0
GSM9380799	GTCGCTAGTTTAGGTC_sample1	Neuron - GABA_2	Other	0	0	0	0
GSM9380799	GTCCATTTCGCTCGTC_sample1	Neuron - GABA_2	Other	0	0	0	0
GSM9380799	AGTGATCCAATCCGTC_sample1	Neuron - GABA_2	Other	0	0	0	0
GSM9380799	GCGTTTGGTTGTAGTC_sample1	Neuron - GABA_2	Other	0	0	0	0
GSM9380799	CATTGGGCAGGCAGTC_sample1	Neuron - GABA_1	Other	0	0	0	0
GSM9380799	AGCAATTTCGCGTCTC_sample1	Neuron - GABA_2	Other	0	0	0	0
GSM9380799	TACTCGCCATAATCTC_sample1	Neuron - GABA_2	Other	0	0	0	0
GSM9380799	AAACGGGTCCGTGCTC_sample1	Neuron - GABA_1	Calb2	0	0	0	0
GSM9380799	CACGTTGGTAATGCTC_sample1	Neuron - GABA_1	Other	0	0	0	0
GSM9380799	GCGTATTGTCAGGCTC_sample1	Neuron - GABA_1	Calb1	0	0	0	0
GSM9380799	AACCAAGGTATAGCTC_sample1	Neuron - GABA_2	Other	0	0	0	0
GSM9380799	TACCATGAGGCTCCTC_sample1	Neuron - GABA_1	Other	0	0	0	0
GSM9380799	CCAACTAAGGCTCCTC_sample1	Neuron - GABA_2	Other	0	0	0	0
GSM9380799	AACATGAAGCTTACTC_sample1	Neuron - GABA_2	Other	0	0	0	0
GSM9380799	TCTCGGCTCAGGACTC_sample1	Neuron - GABA_2	Other	0	0	0	0
GSM9380799	CCTATCACATTAACTC_sample1	Neuron - GABA_1	Calb1	0	0	0	0
GSM9380799	CATCCAGGTAGCTATC_sample1	Neuron - GABA_2	Other	0	0	0	0
GSM9380799	AACGCCCGTTTGGATC_sample1	Neuron - GABA_2	Other	0	0	0	0
GSM9380799	TCGCCTATCTGGGATC_sample1	Neuron - GABA_1	Other	0	0	0	0
GSM9380799	CCTCTGATCCGCCATC_sample1	Neuron - GABA_2	Calb1	0	0	0	0
GSM9380799	GCCTTCATCAGTAATC_sample1	Neuron - GABA_2	Other	0	0	0	0
GSM9380799	CTTAGCGGTTAGTTGC_sample1	Neuron - GABA_1	Other	0	0	0	0
GSM9380799	CGATTACGTTAGTTGC_sample1	Neuron - GABA_1	Other	0	0	0	0
GSM9380799	CCTCGGTTCGAGTTGC_sample1	Neuron - GABA_2	Reln	0	0	0	0
GSM9380799	TGCCTTTAGCCTCTGC_sample1	Neuron - GABA_2	Other	0	0	0	0
GSM9380799	GGTCTTAAGGATCTGC_sample1	Neuron - GABA_2	Other	0	0	0	0
GSM9380799	CCCGCTTAGTAGCTGC_sample1	Neuron - GABA_1	Other	0	0	0	0
GSM9380799	GCTTGCCTCGTGATGC_sample1	Neuron - GABA_2	Other	0	0	0	0
GSM9380799	CTACGCCTCTGGATGC_sample1	Neuron - GABA_2	Other	0	0	0	0
GSM9380799	CCGTCCACAGTAATGC_sample1	Neuron - GABA_1	Other	0	0	0	0
GSM9380799	CAGGGCAGTTTCGGGC_sample1	Neuron - GABA_2	Other	0	0	0	0
GSM9380799	CTAATGGTCCTTCGGC_sample1	Neuron - GABA_1	Other	0	0	0	0
GSM9380799	ATCACAACAAGTCGGC_sample1	Neuron - GABA_2	Other	0	0	0	0
GSM9380799	AGTGCCCGTTTGCGGC_sample1	Neuron - GABA_2	Other	0	0	0	0
GSM9380799	TAGGTCATCGTTAGGC_sample1	Neuron - GABA_2	Other	0	0	0	0
GSM9380799	CATATAGCAATTAGGC_sample1	Neuron - GABA_2	Reln	0	0	0	0
GSM9380799	TCGTGAATCACTAGGC_sample1	Neuron - GABA_2	Other	0	0	0	0
GSM9380799	CAGTTTGAGGTGAGGC_sample1	Neuron - GABA_2	Reln	0	0	0	0
GSM9380799	CCGACCAAGCAATCGC_sample1	Neuron - GABA_2	Other	0	0	0	0
GSM9380799	GGTGTCCGTAGTCCGC_sample1	Neuron - GABA_1	Calb1	0	0	0	0
GSM9380799	CTCAGTAAGTAACCGC_sample1	Neuron - GABA_1	Other	0	0	0	0
GSM9380799	GCGCCAATCCTCACGC_sample1	Neuron - GABA_2	Calb2	0	0	0	0
GSM9380799	AATCGCATCATCGAGC_sample1	Neuron - GABA_2	Other	0	0	0	0
GSM9380799	GTCTCCGCATTAGAGC_sample1	Neuron - GABA_1	Other	0	0	0	0
GSM9380799	GGGCTAAAGGTTCAGC_sample1	Neuron - GABA_1	Calb2	0	0	0	0
GSM9380799	AGAGTCCTCCGTAAGC_sample1	Neuron - GABA_2	Other	0	0	0	0
GSM9380799	GCTCCAAGTTCGTTCC_sample1	Neuron - GABA_2	Other	0	0	0	0
GSM9380799	ATAGCCTGTCCATTCC_sample1	Neuron - GABA_1	Other	0	0	0	0
GSM9380799	ACACGATCAACTGTCC_sample1	Neuron - GABA_2	Other	0	0	0	0
GSM9380799	ATTGAGAAGGATGTCC_sample1	Neuron - GABA_1	Other	0	0	0	0
GSM9380799	CTGTGGACAAGGGTCC_sample1	Neuron - GABA_1	Other	0	0	0	0
GSM9380799	CAGGTGAAGTGAGTCC_sample1	Neuron - GABA_1	Calb1	0	0	0	0
GSM9380799	TCTGGTAAGCAAGTCC_sample1	Neuron - GABA_2	Other	0	0	0	0
GSM9380799	GCACTGGTCGTGCTCC_sample1	Neuron - GABA_1	Vip	0	0	7.33153010791015	0
GSM9380799	GGCACGAGTTCACTCC_sample1	Neuron - GABA_1	Calb1	0	0	0	0
GSM9380799	GTCGGTTAGGTGATCC_sample1	Neuron - GABA_2	Other	0	0	0	0
GSM9380799	TACACCGGTAATTGCC_sample1	Neuron - GABA_2	Vip	0	0	8.92529442089881	0
GSM9380799	AGCAATCCAAGGTGCC_sample1	Neuron - GABA_1	Calb2	0	0	0	0
GSM9380799	TCGCCTTGTCAGTGCC_sample1	Neuron - GABA_1	Other	0	0	0	0
GSM9380799	CGGCAAGGTAGCTGCC_sample1	Neuron - GABA_2	Other	0	0	0	0
GSM9380799	CGTCTATTCACCTGCC_sample1	Neuron - GABA_2	Reln	0	0	0	0
GSM9380799	CCGTGATAGTGATGCC_sample1	Neuron - GABA_1	Reln	0	0	0	0
GSM9380799	TCGTTAGAGTGATGCC_sample1	Neuron - GABA_1	Calb2	0	0	0	0
GSM9380799	TCATCATCATAGGGCC_sample1	Neuron - GABA_1	Calb1	0	0	0	0
GSM9380799	AACACCATCATAGGCC_sample1	Neuron - GABA_2	Reln	0	0	0	0
GSM9380799	AATGCACCACTTAGCC_sample1	Neuron - GABA_2	Other	0	0	0	0
GSM9380799	CACCAGTAGGCTTCCC_sample1	Neuron - GABA_1	Vip	0	0	14.4241040788197	0
GSM9380799	ACGCTATGTAGGTCCC_sample1	Neuron - GABA_2	Other	0	0	0	0
GSM9380799	ATAAGGATCATATCCC_sample1	Neuron - GABA_2	Reln	0	0	0	0
GSM9380799	CACGCAACAATTGCCC_sample1	Neuron - GABA_2	Other	0	0	0	0
GSM9380799	GGTAAATGTAGTGCCC_sample1	Neuron - GABA_2	Other	0	0	0	0
GSM9380799	TCAACATAGTGAACCC_sample1	Neuron - GABA_2	Other	0	0	0	0
GSM9380799	CTCCTTAGTATGTACC_sample1	Neuron - GABA_1	Other	0	0	0	0
GSM9380799	CATCCAAAGCCCTACC_sample1	Neuron - GABA_1	Calb2	0	0	0	0
GSM9380799	TCCACCGCAAATGACC_sample1	Neuron - GABA_2	Other	0	0	0	0
GSM9380799	ACCCAACAGTTGGACC_sample1	Neuron - GABA_2	Reln	0	0	0	0
GSM9380799	GTCAATGTCCGTCACC_sample1	Neuron - GABA_2	Other	0	0	0	0
GSM9380799	GTAGGCGGTAATCACC_sample1	Neuron - GABA_2	Other	0	0	0	0
GSM9380799	AGCCTGACAGGACACC_sample1	Neuron - GABA_1	Other	0	0	0	0
GSM9380799	CGTAAATTCGTGAACC_sample1	Neuron - GABA_1	Other	0	0	0	0
GSM9380799	TGTATAGCATCCAACC_sample1	Neuron - GABA_2	Reln	0	0	0	0
GSM9380799	ACGTTTGAGCGGTTAC_sample1	Neuron - GABA_2	Other	0	0	0	0
GSM9380799	CTCCTTAGTAGCTTAC_sample1	Neuron - GABA_1	Other	0	0	0	0
GSM9380799	GGAAGTTAGGCTGTAC_sample1	Neuron - GABA_2	Other	0	0	0	0
GSM9380799	GTTGAGGAGAAGGTAC_sample1	Neuron - GABA_2	Other	0	0	0	0
GSM9380799	CCCGTTATCCCGCTAC_sample1	Neuron - GABA_1	Other	0	0	0	0
GSM9380799	CTATTCATCCGCCTAC_sample1	Neuron - GABA_2	Other	0	0	0	0
GSM9380799	CTCACACCAACCCTAC_sample1	Neuron - GABA_2	Reln	0	0	0	0
GSM9380799	CCGTCAAGTCAACTAC_sample1	Neuron - GABA_2	Other	0	0	0	0
GSM9380799	CCATGGGTCGATATAC_sample1	Neuron - GABA_2	Other	0	0	0	0
GSM9380799	GTTCTAAGTTGCATAC_sample1	Neuron - GABA_2	Other	0	0	0	0
GSM9380799	AACCAATTCGACTGAC_sample1	Neuron - GABA_1	Other	0	0	0	0
GSM9380799	ACTCCCATCTGTGGAC_sample1	Neuron - GABA_1	Calb2	0	0	0	0
GSM9380799	GTATAGAAGCAGGGAC_sample1	Neuron - GABA_1	Other	0	0	0	0
GSM9380799	TCACCCGCAACCGGAC_sample1	Neuron - GABA_2	Other	0	0	0	0
GSM9380799	TGGTTATAGATAGGAC_sample1	Neuron - GABA_2	Other	0	0	0	0
GSM9380799	AGAGTATGTTGAGGAC_sample1	Neuron - GABA_2	Other	0	0	0	0
GSM9380799	AGACGAACAATACGAC_sample1	Neuron - GABA_2	Other	0	0	0	0
GSM9380799	GCCATGGTCCTGAGAC_sample1	Neuron - GABA_1	Other	0	0	0	0
GSM9380799	ACAATAGAGGCGAGAC_sample1	Neuron - GABA_1	Other	0	0	0	0
GSM9380799	AGGCTTGCAATCAGAC_sample1	Neuron - GABA_2	Other	0	0	0	0
GSM9380799	TCTCTATGTAGCAGAC_sample1	Neuron - GABA_1	Other	0	0	0	0
GSM9380799	CACCACCTCAGGTCAC_sample1	Neuron - GABA_2	Vip	0	0	17.8518008225919	0
GSM9380799	AGGCAGGCAACCTCAC_sample1	Neuron - GABA_1	Reln	0	0	0	0
GSM9380799	GGGACCTCACTTGCAC_sample1	Neuron - GABA_1	Other	0	0	0	0
GSM9380799	ACAAGGCGTATTGCAC_sample1	Neuron - GABA_1	Calb2	0	0	0	0
GSM9380799	TAGTGCATCTAGGCAC_sample1	Neuron - GABA_2	Other	0	0	0	0
GSM9380799	CAAGCCACAATGACAC_sample1	Neuron - GABA_1	Other	0	0	0	0
GSM9380799	ACGGATTCATGGTAAC_sample1	Neuron - GABA_2	Other	0	0	0	0
GSM9380799	CGGCTGATCCGGTAAC_sample1	Neuron - GABA_2	Other	0	0	0	0
GSM9380799	ACACGAAGTGACGAAC_sample1	Neuron - GABA_1	Other	0	0	0	0
GSM9380799	CATCCCGCACCTCAAC_sample1	Neuron - GABA_1	Reln	0	0	0	0
GSM9380799	AATGGGTAGTGGCTTA_sample1	Neuron - GABA_2	Other	0	0	0	0
GSM9380799	CTCATCCGTCAACTTA_sample1	Neuron - GABA_2	Other	0	0	0	0
GSM9380799	CTGGTCAGTCAACTTA_sample1	Neuron - GABA_2	Calb1	0	0	0	0
GSM9380799	CCACGGATCACTGGTA_sample1	Neuron - GABA_2	Reln	0	0	0	0
GSM9380799	TAAGGCGAGGTTCGTA_sample1	Neuron - GABA_1	Calb2	0	0	0	0
GSM9380799	AGTGTAAAGGTTCGTA_sample1	Neuron - GABA_1	Calb2	0	0	0	0
GSM9380799	GGCAAGGCACTTCGTA_sample1	Neuron - GABA_1	Other	0	0	0	0
GSM9380799	CTTATAGGTTATCGTA_sample1	Neuron - GABA_2	Other	0	0	0	0
GSM9380799	CGATTCAAGTTGCGTA_sample1	Neuron - GABA_2	Other	0	0	0	0
GSM9380799	GGTCATATCATGCGTA_sample1	Neuron - GABA_1	Calb2	0	0	0	0
GSM9380799	CTATGCTTCCGTAGTA_sample1	Neuron - GABA_2	Other	0	0	0	0
GSM9380799	ACCCGTTCATGCTCTA_sample1	Neuron - GABA_1	Cck	0	0	0	0
GSM9380799	TAGCTCCCAAATGCTA_sample1	Neuron - GABA_2	Other	0	0	0	0
GSM9380799	ATCCAATAGTACGCTA_sample1	Neuron - GABA_2	Other	0	0	0	0
GSM9380799	CGGGGAACACTACCTA_sample1	Neuron - GABA_2	Other	0	0	0	0
GSM9380799	GTATGAAAGCAACCTA_sample1	Neuron - GABA_1	Other	0	0	0	0
GSM9380799	CACGTTGGTTTGACTA_sample1	Neuron - GABA_1	Calb2	0	0	0	0
GSM9380799	AAGCTAAAGCCAACTA_sample1	Neuron - GABA_1	Other	0	0	0	0
GSM9380799	GTAATGAAGGGGCATA_sample1	Neuron - GABA_2	Other	0	0	0	0
GSM9380799	TCACGACAGTCGCATA_sample1	Neuron - GABA_1	Other	0	0	0	0
GSM9380799	TACGCCCTCACGCATA_sample1	Neuron - GABA_2	Other	0	0	0	0
GSM9380799	ATGATGTTCACGTTGA_sample1	Neuron - GABA_2	Other	0	0	0	0
GSM9380799	CTGGACTAGCCATTGA_sample1	Neuron - GABA_1	Calb2	0	0	0	0
GSM9380799	CTTGCGGAGGAATTGA_sample1	Neuron - GABA_2	Other	0	0	0	0
GSM9380799	CTTGGGGTCATCGTGA_sample1	Neuron - GABA_1	Vip	0	0	8.31858630290791	0
GSM9380799	CACTACAAGATAGTGA_sample1	Neuron - GABA_2	Other	0	0	0	0
GSM9380799	GGAGTCAAGCGAGTGA_sample1	Neuron - GABA_2	Other	0	0	0	0
GSM9380799	GCCATGGTCTAGCTGA_sample1	Neuron - GABA_1	Calb2	0	0	0	0
GSM9380799	TGATCATAGCTACTGA_sample1	Neuron - GABA_2	Other	0	0	0	0
GSM9380799	GCAAACCTCCGTATGA_sample1	Neuron - GABA_1	Other	0	0	0	0
GSM9380799	ATCACCTTCGCTATGA_sample1	Neuron - GABA_2	Other	0	0	0	0
GSM9380799	CGTCTATTCACCATGA_sample1	Neuron - GABA_1	Calb1	0	0	0	0
GSM9380799	GCGACTTAGCCCTGGA_sample1	Neuron - GABA_1	Calb1	0	0	0	0
GSM9380799	CAATTCCTCACAGGGA_sample1	Neuron - GABA_2	Other	0	0	0	0
GSM9380799	GTAGAATGTTTGAGGA_sample1	Neuron - GABA_1	Other	0	0	0	0
GSM9380799	TGGTTATAGTCGAGGA_sample1	Neuron - GABA_2	Other	0	0	0	0
GSM9380799	GTCGATGCAGGCAGGA_sample1	Neuron - GABA_2	Reln	0	0	0	0
GSM9380799	TGGCGGTCAATATCGA_sample1	Neuron - GABA_1	Cck	0	0	0	0
GSM9380799	TCTGAGGCAATATCGA_sample1	Neuron - GABA_2	Vip	0	0	8.96752168523836	0
GSM9380799	AACGCGAAGTCATCGA_sample1	Neuron - GABA_1	Other	0	0	0	0
GSM9380799	ATAGTCACACTAGCGA_sample1	Neuron - GABA_2	Other	0	0	0	0
GSM9380799	GTCTTAAGTTAAGCGA_sample1	Neuron - GABA_2	Other	0	0	0	0
GSM9380799	TCGCACCTCAATCCGA_sample1	Neuron - GABA_2	Other	0	0	0	0
GSM9380799	AAGCAAATCAATCCGA_sample1	Neuron - GABA_2	Other	0	0	0	0
GSM9380799	AGTCAGTCAATGCCGA_sample1	Neuron - GABA_2	Other	0	0	0	0
GSM9380799	CGAGGGACAATGCCGA_sample1	Neuron - GABA_1	Other	0	0	0	0
GSM9380799	GCCTGCTTCTGGCCGA_sample1	Neuron - GABA_2	Other	0	0	0	0
GSM9380799	ATCATCCTCACGCCGA_sample1	Neuron - GABA_2	Reln	0	0	0	0
GSM9380799	ACTCGATGTGAGCCGA_sample1	Neuron - GABA_1	Reln	0	0	0	0
GSM9380799	CCGGTCAAGTGCCCGA_sample1	Neuron - GABA_2	Reln	0	0	0	0
GSM9380799	CAAGCTATCAGCCCGA_sample1	Neuron - GABA_1	Calb1	0	0	0	0
GSM9380799	ATGATCCGTGGACCGA_sample1	Neuron - GABA_1	Calb2	0	0	0	0
GSM9380799	CGGCTAGTCTAACCGA_sample1	Neuron - GABA_2	Other	0	0	0	0
GSM9380799	GGACGGACAGGGACGA_sample1	Neuron - GABA_1	Other	0	0	0	0
GSM9380799	ATCCCAGGTAGCTAGA_sample1	Neuron - GABA_2	Other	0	0	0	0
GSM9380799	CGGCATTAGGTCGAGA_sample1	Neuron - GABA_2	Other	0	0	0	0
GSM9380799	TGGTCTAAGTTAGAGA_sample1	Neuron - GABA_1	Calb1	0	0	0	0
GSM9380799	ATTGGATTCATAGAGA_sample1	Neuron - GABA_2	Reln	0	0	0	0
GSM9380799	CATACATAGGTGCAGA_sample1	Neuron - GABA_1	Other	0	0	0	0
GSM9380799	CGATGGGGTTCCCAGA_sample1	Neuron - GABA_2	Other	0	0	0	0
GSM9380799	CAGCTCTCAACCTTCA_sample1	Neuron - GABA_1	Other	0	0	0	0
GSM9380799	AACGCAAGTCAATTCA_sample1	Neuron - GABA_1	Calb1	0	0	0	0
GSM9380799	CGTCATTTCCCTGTCA_sample1	Neuron - GABA_2	Other	0	0	0	0
GSM9380799	CAGGGTTTCGATGTCA_sample1	Neuron - GABA_2	Other	0	0	0	0
GSM9380799	ATTGGTTAGCATGTCA_sample1	Neuron - GABA_2	Other	0	0	0	0
GSM9380799	TCGGTAATCCGGGTCA_sample1	Neuron - GABA_2	Other	0	0	0	0
GSM9380799	CTGCCATCAACGGTCA_sample1	Neuron - GABA_1	Reln	0	0	0	0
GSM9380799	TGCATCAAGTCGATCA_sample1	Neuron - GABA_2	Other	0	0	0	0
GSM9380799	ACATTTCCATAGATCA_sample1	Neuron - GABA_2	Other	0	0	0	0
GSM9380799	CAAAGCTCAACGTGCA_sample1	Neuron - GABA_2	Other	0	0	0	0
GSM9380799	CCCTTAACAACGTGCA_sample1	Neuron - GABA_2	Other	0	0	0	0
GSM9380799	ATAGTCACAAGCTGCA_sample1	Neuron - GABA_1	Other	0	0	0	0
GSM9380799	CGTGACCGTAATGGCA_sample1	Neuron - GABA_2	Other	0	0	0	0
GSM9380799	CGCGAAGGTTTCGGCA_sample1	Neuron - GABA_2	Other	0	0	0	0
GSM9380799	TGTACCTTCTTGAGCA_sample1	Neuron - GABA_1	Calb2	0	0	0	0
GSM9380799	GCTCGTAGTCTCAGCA_sample1	Neuron - GABA_2	Other	0	0	0	0
GSM9380799	GCACCGATCATCAGCA_sample1	Neuron - GABA_1	Calb2	0	0	0	0
GSM9380799	TGCATATAGCGAAGCA_sample1	Neuron - GABA_1	Calb2	0	0	0	0
GSM9380799	TGGTATTAGCGGTCCA_sample1	Neuron - GABA_2	Other	0	0	0	0
GSM9380799	GCCACAACAAGGTCCA_sample1	Neuron - GABA_2	Other	0	0	0	0
GSM9380799	CTGTCGCTCAAGTCCA_sample1	Neuron - GABA_2	Other	0	0	0	0
GSM9380799	CTTACGGGTGACTCCA_sample1	Neuron - GABA_2	Other	0	0	0	0
GSM9380799	AAGTACGGTGACTCCA_sample1	Neuron - GABA_2	Other	0	0	0	0
GSM9380799	ACCGAAAGTTAATCCA_sample1	Neuron - GABA_1	Other	0	0	0	0
GSM9380799	GTGTGAGAGATTGCCA_sample1	Neuron - GABA_2	Other	0	0	0	0
GSM9380799	GGGCAATGTTGTGCCA_sample1	Neuron - GABA_2	Other	0	0	0	0
GSM9380799	AAATTCGCACCTGCCA_sample1	Neuron - GABA_2	Other	0	0	0	0
GSM9380799	ACATAGCCACAAGCCA_sample1	Neuron - GABA_2	Other	0	0	0	0
GSM9380799	CGTCTCATCCATCCCA_sample1	Neuron - GABA_2	Other	0	0	0	0
GSM9380799	ACGACAAGTCAACCCA_sample1	Neuron - GABA_1	Reln	0	0	0	0
GSM9380799	GCTTAATAGCTAACCA_sample1	Neuron - GABA_1	Calb2	0	0	0	0
GSM9380799	CGATAGTCAGGCTACA_sample1	Neuron - GABA_1	Calb2	0	0	0	0
GSM9380799	ACATTAGCAACATACA_sample1	Neuron - GABA_2	Other	0	0	0	0
GSM9380799	AAGCCAAGTGATGACA_sample1	Neuron - GABA_2	Other	0	0	0	0
GSM9380799	AGAGGCTGTTTACACA_sample1	Neuron - GABA_2	Other	0	0	0	0
GSM9380799	AGCGTAAGTGGGTTAA_sample1	Neuron - GABA_1	Calb1	0	0	0	0
GSM9380799	CGGTTAGCAAGGGTAA_sample1	Neuron - GABA_2	Other	0	0	0	0
GSM9380799	TATCGTAGTTTCGTAA_sample1	Neuron - GABA_1	Calb2	0	0	0	0
GSM9380799	CGAGCAGGTGCAGTAA_sample1	Neuron - GABA_2	Other	0	0	0	0
GSM9380799	AGTGATTTCGTGCTAA_sample1	Neuron - GABA_2	Calb2	0	0	0	0
GSM9380799	TAGGGGATCGTGCTAA_sample1	Neuron - GABA_2	Other	0	0	0	0
GSM9380799	TGGAGCAAGGGGCTAA_sample1	Neuron - GABA_1	Calb2	0	0	0	0
GSM9380799	AACTGAAAGTGCCTAA_sample1	Neuron - GABA_2	Vip	0	0	9.28300406048679	0
GSM9380799	AAGGAAAGTGGACTAA_sample1	Neuron - GABA_2	Other	0	0	0	0
GSM9380799	CGATAGTCACAACTAA_sample1	Neuron - GABA_2	Other	0	0	0	0
GSM9380799	TGCCTCATCCTGTGAA_sample1	Neuron - GABA_2	Other	0	0	0	0
GSM9380799	CCCAGGATCACCTGAA_sample1	Neuron - GABA_2	Other	0	0	0	0
GSM9380799	TCGTCCATCCAGGGAA_sample1	Neuron - GABA_2	Other	0	0	0	0
GSM9380799	CGATTACGTCTAGGAA_sample1	Neuron - GABA_2	Other	0	0	0	0
GSM9380799	CTATCGAAGCCAGGAA_sample1	Neuron - GABA_2	Vip	0	0	15.3046593333159	0
GSM9380799	CTCTATTGTAGTGCAA_sample1	Neuron - GABA_2	Other	0	0	0	0
GSM9380799	ACCACAATCGCGCCAA_sample1	Neuron - GABA_1	Other	0	0	0	0
GSM9380799	GTGGGTAAGGAGCCAA_sample1	Neuron - GABA_2	Other	0	0	0	0
GSM9380799	GCCGCTAAGGAGCCAA_sample1	Neuron - GABA_1	Other	0	0	0	0
GSM9380799	CTGTTGGGTTTACCAA_sample1	Neuron - GABA_2	Other	0	0	0	0
GSM9380799	CGAACGGGTGAACCAA_sample1	Neuron - GABA_2	Other	0	0	0	0
GSM9380800	GGTGGTAAGCTGGGTT_sample2	Neuron - GABA_1	Other	0	0	0	0
GSM9380800	CCACCTATCCATCGTT_sample2	Neuron - GABA_1	Other	0	0	0	0
GSM9380800	ATCCCAAAGCCGAGTT_sample2	Neuron - GABA_2	Other	0	0	0	0
GSM9380800	GCAGGGTAGTCAAGTT_sample2	Neuron - GABA_1	Other	0	0	0	0
GSM9380800	GCGACTTAGCATCCTT_sample2	Neuron - GABA_2	Reln	0	0	0	0
GSM9380800	TAGCCAGCATAACCTT_sample2	Neuron - GABA_1	Other	0	0	0	0
GSM9380800	CTACGTTTCACCACTT_sample2	Neuron - GABA_1	Reln	0	0	0	0
GSM9380800	ACGCTTGGTGCAACTT_sample2	Neuron - GABA_2	Other	0	0	0	0
GSM9380800	ATCATCTCACTTGATT_sample2	Neuron - GABA_1	Other	0	0	0	0
GSM9380800	AGTATCACAAGCGATT_sample2	Neuron - GABA_1	Other	0	0	0	0
GSM9380800	ATCGTCAAGCTAGATT_sample2	Neuron - GABA_1	Other	0	0	0	0
GSM9380800	ACTTGTGAGTAGCATT_sample2	Neuron - GABA_1	Other	0	0	0	0
GSM9380800	ATTCGCTTCAATGTGT_sample2	Neuron - GABA_1	Other	0	0	0	0
GSM9380800	GTACTCCCATAGGTGT_sample2	Neuron - GABA_2	Other	0	0	0	0
GSM9380800	TCAATCCTCCAGGTGT_sample2	Neuron - GABA_1	Other	0	0	0	0
GSM9380800	CACTCCGCATTAGGGT_sample2	Neuron - GABA_2	Other	0	0	0	0
GSM9380800	GCCAAATCACTTCGGT_sample2	Neuron - GABA_2	Other	0	0	0	0
GSM9380800	GCTCGCTTCCCTCGGT_sample2	Neuron - GABA_1	Other	0	0	0	0
GSM9380800	GTTCCGGAGGCGAGGT_sample2	Neuron - GABA_2	Other	0	0	0	0
GSM9380800	GTGTCCTCATCAAGGT_sample2	Neuron - GABA_2	Other	0	0	0	0
GSM9380800	GGTATGTCATGCTCGT_sample2	Neuron - GABA_2	Other	0	0	0	0
GSM9380800	CCGTGCAAGGTTGCGT_sample2	Neuron - GABA_2	Other	0	0	0	0
GSM9380800	CAAAGGTAGCTAGCGT_sample2	Neuron - GABA_2	Other	0	0	0	0
GSM9380800	TGATGAGGTCAGCCGT_sample2	Neuron - GABA_2	Other	0	0	0	0
GSM9380800	AAGTGCCTCCGTGAGT_sample2	Neuron - GABA_1	Other	0	0	0	0
GSM9380800	GCCATATGTAATGAGT_sample2	Neuron - GABA_1	Other	0	0	0	0
GSM9380800	GTTGCTGGTCCCGAGT_sample2	Neuron - GABA_1	Other	0	0	0	0
GSM9380800	ACGGTGAAGGTGAAGT_sample2	Neuron - GABA_1	Other	0	0	0	0
GSM9380800	AACGGCGGTAGTGTCT_sample2	Neuron - GABA_1	Other	0	0	0	0
GSM9380800	CCGCAAGTCACTGTCT_sample2	Neuron - GABA_2	Other	0	0	0	0
GSM9380800	CGTTGTAAGTGGGTCT_sample2	Neuron - GABA_1	Other	0	0	0	0
GSM9380800	TCGTCACCAATACTCT_sample2	Neuron - GABA_2	Other	0	0	0	0
GSM9380800	TAAGCGGAGGGTTGCT_sample2	Neuron - GABA_1	Reln	0	0	0	0
GSM9380800	ACAGCCCGTATGTGCT_sample2	Neuron - GABA_2	Other	0	0	0	0
GSM9380800	CAACAGTCATGCTGCT_sample2	Neuron - GABA_1	Reln	0	0	0	0
GSM9380800	CTGTAAGTCGCTCGCT_sample2	Neuron - GABA_1	Other	0	0	0	0
GSM9380800	GGCTGCATCGAACGCT_sample2	Neuron - GABA_1	Other	0	0	0	0
GSM9380800	AAGCCCCGTTTGAGCT_sample2	Neuron - GABA_2	Other	0	0	0	0
GSM9380800	TGCTTAAGTGAGAGCT_sample2	Neuron - GABA_2	Other	0	0	0	0
GSM9380800	AACTTCCTCATGTCCT_sample2	Neuron - GABA_1	Other	0	0	0	0
GSM9380800	GCAAGGATCTATGCCT_sample2	Neuron - GABA_2	Other	0	0	0	0
GSM9380800	GTAGGAACATTGGCCT_sample2	Neuron - GABA_2	Other	0	0	0	0
GSM9380800	TATATCCCACTAGCCT_sample2	Neuron - GABA_1	Vip	0	0	9.48979926375384	0
GSM9380800	ACGATAGGTTGTCCCT_sample2	Neuron - GABA_1	Other	0	0	0	0
GSM9380800	GTGGCAGGTCATCCCT_sample2	Neuron - GABA_2	Other	0	0	0	0
GSM9380800	CTGATATAGCTTACCT_sample2	Neuron - GABA_2	Other	0	0	0	0
GSM9380800	AAGTCATTCCTGTACT_sample2	Neuron - GABA_2	Other	0	0	0	0
GSM9380800	GTAATCACAGGATACT_sample2	Neuron - GABA_2	Other	0	0	0	0
GSM9380800	ACAACCATCCTTGACT_sample2	Neuron - GABA_2	Other	0	0	0	0
GSM9380800	GGGATTGAGTATGACT_sample2	Neuron - GABA_2	Other	0	0	0	0
GSM9380800	AATCGGTCAATTCACT_sample2	Neuron - GABA_1	Other	0	0	0	0
GSM9380800	ACTCGCCTCCCGCACT_sample2	Neuron - GABA_1	Other	0	0	0	0
GSM9380800	GCTAGGTTCATGGTAT_sample2	Neuron - GABA_1	Other	0	0	0	0
GSM9380800	TACTCATCAAGCGTAT_sample2	Neuron - GABA_2	Other	0	0	0	0
GSM9380800	GTATCGATCGCTCTAT_sample2	Neuron - GABA_2	Other	0	0	0	0
GSM9380800	AATTGGGGTCAGCTAT_sample2	Neuron - GABA_2	Other	0	0	0	0
GSM9380800	CCGTTCGCAGGACTAT_sample2	Neuron - GABA_2	Other	0	0	0	0
GSM9380800	GCCACAACACTCATAT_sample2	Neuron - GABA_1	Other	0	0	0	0
GSM9380800	CGAGGGACAGGCATAT_sample2	Neuron - GABA_2	Other	0	0	0	0
GSM9380800	TCGGTTGGTAAGTGAT_sample2	Neuron - GABA_2	Other	0	0	0	0
GSM9380800	AGGATTAAGCTATGAT_sample2	Neuron - GABA_1	Cck	0	0	0	0
GSM9380800	TCGCACCTCCAATGAT_sample2	Neuron - GABA_2	Other	0	0	0	0
GSM9380800	CTTAGCGGTTCTGGAT_sample2	Neuron - GABA_1	Other	0	0	0	0
GSM9380800	CGACTGGTCCTGGGAT_sample2	Neuron - GABA_2	Other	0	0	0	0
GSM9380800	CGTGTATGTGCGAGAT_sample2	Neuron - GABA_2	Other	0	0	0	0
GSM9380800	AGAGATGCAACCAGAT_sample2	Neuron - GABA_2	Other	0	0	0	0
GSM9380800	ATCATTCCACATTCAT_sample2	Neuron - GABA_2	Other	0	0	0	0
GSM9380800	TCCATCACATTACCAT_sample2	Neuron - GABA_1	Other	0	0	0	0
GSM9380800	ACCGGCTGTTGCACAT_sample2	Neuron - GABA_2	Other	0	0	0	0
GSM9380800	TAGTGCATCACGTAAT_sample2	Neuron - GABA_2	Other	0	0	0	0
GSM9380800	AACTGACCAGGCTAAT_sample2	Neuron - GABA_1	Calb2	0	0	0	0
GSM9380800	GCTAAATTCAGCTAAT_sample2	Neuron - GABA_2	Other	0	0	0	0
GSM9380800	GGACAATAGGGTGAAT_sample2	Neuron - GABA_1	Other	0	0	0	0
GSM9380800	CTCATTGCATGGCAAT_sample2	Neuron - GABA_2	Other	0	0	0	0
GSM9380800	CTTGGCGAGCCGCAAT_sample2	Neuron - GABA_2	Other	0	0	0	0
GSM9380800	TACAAGCCAAGCCAAT_sample2	Neuron - GABA_1	Other	0	0	0	0
GSM9380800	TGAGGCGGTAAGGTTG_sample2	Neuron - GABA_2	Other	0	0	0	0
GSM9380800	TCCTAATCAAGCGTTG_sample2	Neuron - GABA_2	Other	0	0	0	0
GSM9380800	CCTCTTAGTAGCCTTG_sample2	Neuron - GABA_1	Other	0	0	0	0
GSM9380800	TCGAATTAGGTACTTG_sample2	Neuron - GABA_2	Reln	0	0	0	0
GSM9380800	TGGTAGCTCGTGATTG_sample2	Neuron - GABA_2	Other	0	0	0	0
GSM9380800	TAGGATGGTTCTGGTG_sample2	Neuron - GABA_1	Cck	0	0	0	0
GSM9380800	CATGCTGGTAATGGTG_sample2	Neuron - GABA_1	Cck	0	0	0	0
GSM9380800	GGACTTGCACTAGGTG_sample2	Neuron - GABA_2	Reln	0	0	0	0
GSM9380800	TGGCCTGAGTTACGTG_sample2	Neuron - GABA_1	Calb1	0	0	0	0
GSM9380800	TGCCCAAGTTCCAGTG_sample2	Neuron - GABA_2	Vip	0	0	9.18412572505561	0
GSM9380800	TGGTCACAGCGGTCTG_sample2	Neuron - GABA_1	Other	0	0	0	0
GSM9380800	GGTAGTGAGGTATCTG_sample2	Neuron - GABA_1	Other	0	0	0	0
GSM9380800	GCTAGTTGTCATGCTG_sample2	Neuron - GABA_2	Other	0	0	0	0
GSM9380800	CGGAACGGTCATGCTG_sample2	Neuron - GABA_2	Other	0	0	0	0
GSM9380800	CCGGTATAGGGTCCTG_sample2	Neuron - GABA_2	Other	0	0	0	0
GSM9380800	GCATGGGGTAGTCCTG_sample2	Neuron - GABA_2	Other	0	0	0	0
GSM9380800	AGTCTTGAGAATCCTG_sample2	Neuron - GABA_2	Other	0	0	0	0
GSM9380800	ATACGTTAGTCAACTG_sample2	Neuron - GABA_2	Other	0	0	0	0
GSM9380800	CCACCAAGTGAGTATG_sample2	Neuron - GABA_2	Other	0	0	0	0
GSM9380800	GGCGGATAGCCGCATG_sample2	Neuron - GABA_1	Calb1	0	0	0	0
GSM9380800	GTAAGGGTCACCAATG_sample2	Neuron - GABA_2	Other	0	0	0	0
GSM9380800	ACCCCTTGTTGCTTGG_sample2	Neuron - GABA_2	Other	0	0	0	0
GSM9380800	TAAGCCTGTATAGTGG_sample2	Neuron - GABA_1	Other	0	0	0	0
GSM9380800	CATGATTAGCAAGTGG_sample2	Neuron - GABA_1	Reln	0	0	0	0
GSM9380800	AATCGAGGTTGAGCGG_sample2	Neuron - GABA_2	Other	0	0	0	0
GSM9380800	ATGGGTTCATAACCGG_sample2	Neuron - GABA_1	Calb1	0	0	0	0
GSM9380800	TATGGCTGTGGCTAGG_sample2	Neuron - GABA_1	Other	0	0	0	0
GSM9380800	GTGGCCATCTATCAGG_sample2	Neuron - GABA_1	Other	0	0	0	0
GSM9380800	ACTTGGGCAATCCAGG_sample2	Neuron - GABA_2	Other	0	0	0	0
GSM9380800	CTTATCGCAGGACAGG_sample2	Neuron - GABA_2	Other	0	0	0	0
GSM9380800	ATGTACCGTTGTAAGG_sample2	Neuron - GABA_2	Other	0	0	0	0
GSM9380800	CTCAGGTAGGTCAAGG_sample2	Neuron - GABA_2	Other	0	0	0	0
GSM9380800	GGATGTGAGGTCAAGG_sample2	Neuron - GABA_1	Other	0	0	0	0
GSM9380800	GCTCGTAGTTGGTTCG_sample2	Neuron - GABA_2	Calb1	0	0	0	0
GSM9380800	GCGGGAACAAGGTTCG_sample2	Neuron - GABA_1	Other	0	0	0	0
GSM9380800	AAGGTTGGTGAGGTCG_sample2	Neuron - GABA_1	Other	0	0	0	0
GSM9380800	ATAGGATGTTGACTCG_sample2	Neuron - GABA_2	Other	0	0	0	0
GSM9380800	GCCAATGCAGGTATCG_sample2	Neuron - GABA_1	Other	0	0	0	0
GSM9380800	ACTCGAATCATGATCG_sample2	Neuron - GABA_2	Other	0	0	0	0
GSM9380800	TAATGGGGTGAGTGCG_sample2	Neuron - GABA_1	Vip	0	0	10.1202404707742	0
GSM9380800	CCTGATTTCAGCTGCG_sample2	Neuron - GABA_2	Other	0	0	0	0
GSM9380800	GGGTATAGTTACTGCG_sample2	Neuron - GABA_2	Other	0	0	0	0
GSM9380800	CCATGTCCAAATCGCG_sample2	Neuron - GABA_1	Reln	0	0	0	0
GSM9380800	ACTTTGCTCCGTAGCG_sample2	Neuron - GABA_1	Other	0	0	0	0
GSM9380800	ACGTTCAAGCGATCCG_sample2	Neuron - GABA_1	Other	0	0	0	0
GSM9380800	CGGGGATAGGCATCCG_sample2	Neuron - GABA_2	Other	0	0	0	0
GSM9380800	TAACGAAAGGCATCCG_sample2	Neuron - GABA_1	Other	0	0	0	0
GSM9380800	ACATGAAAGTACGCCG_sample2	Neuron - GABA_2	Other	0	0	0	0
GSM9380800	GTGATTTAGCTAGCCG_sample2	Neuron - GABA_2	Other	0	0	0	0
GSM9380800	GCTTAACGTGAGACCG_sample2	Neuron - GABA_1	Reln	0	0	0	0
GSM9380800	CTTAGTGAGGTAGACG_sample2	Neuron - GABA_1	Calb2	0	0	0	0
GSM9380800	GGCTTAATCCAGCACG_sample2	Neuron - GABA_2	Other	0	0	0	0
GSM9380800	AATCCAACAGCTAACG_sample2	Neuron - GABA_2	Other	0	0	0	0
GSM9380800	TCCCTAGTCAGGAACG_sample2	Neuron - GABA_1	Other	0	0	0	0
GSM9380800	CTACGGACAACCAACG_sample2	Neuron - GABA_1	Calb1	0	0	0	0
GSM9380800	CTCGCGTTCATCGTAG_sample2	Neuron - GABA_1	Other	0	0	0	0
GSM9380800	TCCATTGCATTAGTAG_sample2	Neuron - GABA_2	Other	0	0	0	0
GSM9380800	TACTTAGGTCAAGTAG_sample2	Neuron - GABA_2	Other	0	0	0	0
GSM9380800	CCTACCGCAAGCCTAG_sample2	Neuron - GABA_1	Calb1	0	0	0	0
GSM9380800	CACGATTGTTTACTAG_sample2	Neuron - GABA_2	Other	0	0	0	0
GSM9380800	CACATAGTCCATTGAG_sample2	Neuron - GABA_1	Vip	0	0	8.73800024966916	0
GSM9380800	GGTCATATCCCTGGAG_sample2	Neuron - GABA_2	Other	0	0	0	0
GSM9380800	CCTCAGTCAATAGGAG_sample2	Neuron - GABA_2	Other	0	0	0	0
GSM9380800	CCACGTAGTGGGTCAG_sample2	Neuron - GABA_1	Other	0	0	0	0
GSM9380800	TGCTCGCTCGTGCCAG_sample2	Neuron - GABA_2	Other	0	0	0	0
GSM9380800	GTCCTCTGTTCACCAG_sample2	Neuron - GABA_2	Other	0	0	0	0
GSM9380800	AGTGGCGGTTCACCAG_sample2	Neuron - GABA_1	Other	0	0	0	0
GSM9380800	GTCCCAAGTTCACCAG_sample2	Neuron - GABA_1	Other	0	0	0	0
GSM9380800	AGTACCATCTAACCAG_sample2	Neuron - GABA_2	Other	0	0	0	0
GSM9380800	CATGCAATCACGGAAG_sample2	Neuron - GABA_1	Other	0	0	0	0
GSM9380800	ATGGGATAGGGTCAAG_sample2	Neuron - GABA_2	Other	0	0	0	0
GSM9380800	TCGTACTTCACTCAAG_sample2	Neuron - GABA_1	Cck	0	0	0	0
GSM9380800	AATGGGCGTGGCGTTC_sample2	Neuron - GABA_2	Other	0	0	0	0
GSM9380800	CTCCTTAGTGGCGTTC_sample2	Neuron - GABA_1	Other	0	0	0	0
GSM9380800	GCTGCTAGTGGCGTTC_sample2	Neuron - GABA_2	Other	0	0	0	0
GSM9380800	CCACATGGTTCCGTTC_sample2	Neuron - GABA_2	Other	0	0	0	0
GSM9380800	GTCAAAGGTGCAATTC_sample2	Neuron - GABA_2	Other	0	0	0	0
GSM9380800	ATAGCCATCGAGTGTC_sample2	Neuron - GABA_2	Other	0	0	0	0
GSM9380800	ACGGGCTCAACCTGTC_sample2	Neuron - GABA_2	Reln	0	0	0	0
GSM9380800	CTGACCAGTCTAAGTC_sample2	Neuron - GABA_2	Vip	0	0	9.28300406048679	0
GSM9380800	GTGCAGCCAGTTGCTC_sample2	Neuron - GABA_1	Other	0	0	0	0
GSM9380800	CGAGTGAAGCAAGCTC_sample2	Neuron - GABA_2	Other	0	0	0	0
GSM9380800	TGGGCACCAATGCCTC_sample2	Neuron - GABA_1	Reln	0	0	0	0
GSM9380800	CAATTGGTCCAGCCTC_sample2	Neuron - GABA_2	Other	0	0	0	0
GSM9380800	GTCGATTGTGGACCTC_sample2	Neuron - GABA_1	Other	0	0	0	0
GSM9380800	CTGTAATAGGTGACTC_sample2	Neuron - GABA_1	Other	0	0	0	0
GSM9380800	CACGATGCAAGGTATC_sample2	Neuron - GABA_2	Other	0	0	0	0
GSM9380800	AATCCATAGGGCTATC_sample2	Neuron - GABA_1	Calb1	0	0	0	0
GSM9380800	GTCGGGTCAAGTGATC_sample2	Neuron - GABA_2	Other	0	0	0	0
GSM9380800	CCTGATGGTGCGCATC_sample2	Neuron - GABA_1	Cck	0	0	0	0
GSM9380800	AGCCCCAAGGCACATC_sample2	Neuron - GABA_1	Other	0	0	0	0
GSM9380800	CCCTATGTCAGGTTGC_sample2	Neuron - GABA_2	Other	0	0	0	0
GSM9380800	CCCTTACGTGGCTTGC_sample2	Neuron - GABA_1	Cck	0	0	0	0
GSM9380800	TCTCACTAGCGATTGC_sample2	Neuron - GABA_1	Calb1	0	0	0	0
GSM9380800	ACTGAGGAGCGATTGC_sample2	Neuron - GABA_2	Other	0	0	0	0
GSM9380800	CAAGACTCAACGGTGC_sample2	Neuron - GABA_1	Reln	0	0	0	0
GSM9380800	TCGGCTGAGGTCATGC_sample2	Neuron - GABA_1	Reln	0	0	0	0
GSM9380800	AACCGATCACTCATGC_sample2	Neuron - GABA_1	Calb1	0	0	0	0
GSM9380800	CTAGCATGTCTAATGC_sample2	Neuron - GABA_2	Other	0	0	0	0
GSM9380800	AAACCCGCAGGTTGGC_sample2	Neuron - GABA_2	Other	0	0	0	0
GSM9380800	GCCAACTAGGATGGGC_sample2	Neuron - GABA_2	Other	0	0	0	0
GSM9380800	TATGCCCCAATCGGGC_sample2	Neuron - GABA_1	Vip	0	0	16.5047840789859	0
GSM9380800	GGTCAATCAAGTCGGC_sample2	Neuron - GABA_1	Reln	0	0	0	0
GSM9380800	TGTACCCCACAACGGC_sample2	Neuron - GABA_2	Other	0	0	0	0
GSM9380800	CTGGTTAAGTCTAGGC_sample2	Neuron - GABA_1	Other	0	0	0	0
GSM9380800	GTCGATTGTGATAGGC_sample2	Neuron - GABA_2	Other	0	0	0	0
GSM9380800	GGGTACGGTTAGAGGC_sample2	Neuron - GABA_1	Other	0	0	0	0
GSM9380800	ACAATGGGTTGAAGGC_sample2	Neuron - GABA_2	Other	0	0	0	0
GSM9380800	ATCAAGCCACATTCGC_sample2	Neuron - GABA_2	Other	0	0	0	0
GSM9380800	GTCCCTCAGCAATCGC_sample2	Neuron - GABA_2	Reln	0	0	0	0
GSM9380800	CTCTTGGTCTAAGCGC_sample2	Neuron - GABA_2	Other	0	0	0	0
GSM9380800	GCATTAACACAAGCGC_sample2	Neuron - GABA_2	Other	0	0	0	0
GSM9380800	TGTCGTCCACTTACGC_sample2	Neuron - GABA_2	Other	0	0	0	0
GSM9380800	CCCGTTGCAAGTTAGC_sample2	Neuron - GABA_1	Reln	0	0	0	0
GSM9380800	ATCCCAAAGGTGGAGC_sample2	Neuron - GABA_2	Other	0	0	0	0
GSM9380800	AATGACCCACAGCAGC_sample2	Neuron - GABA_1	Other	0	0	0	0
GSM9380800	ATAATCGCAAGCCAGC_sample2	Neuron - GABA_1	Other	0	0	0	0
GSM9380800	CTTATGAGTAATGTCC_sample2	Neuron - GABA_2	Other	0	0	0	0
GSM9380800	TGGAGCGGTTGGGTCC_sample2	Neuron - GABA_2	Vip	0	0	9.45887972823284	0
GSM9380800	CATATTCCACTAGTCC_sample2	Neuron - GABA_1	Other	0	0	0	0
GSM9380800	ACACAAGGTATAGTCC_sample2	Neuron - GABA_2	Other	0	0	0	0
GSM9380800	CCACCGTTCCTGTGCC_sample2	Neuron - GABA_2	Other	0	0	0	0
GSM9380800	GGTTCAGCATAGGGCC_sample2	Neuron - GABA_1	Other	0	0	0	0
GSM9380800	CGCTCCACATAGGGCC_sample2	Neuron - GABA_1	Other	0	0	0	0
GSM9380800	AGCCTGACAATTCGCC_sample2	Neuron - GABA_2	Other	0	0	0	0
GSM9380800	ACGGACCCATTACGCC_sample2	Neuron - GABA_1	Reln	0	0	0	0
GSM9380800	TCATTAGGTATTAGCC_sample2	Neuron - GABA_1	Other	0	0	0	0
GSM9380800	CCGTTGAGTAGGTCCC_sample2	Neuron - GABA_1	Other	0	0	0	0
GSM9380800	GCTATGATCATATCCC_sample2	Neuron - GABA_1	Reln	0	0	0	0
GSM9380800	ACGGGCTCACAATCCC_sample2	Neuron - GABA_1	Vip	0	0	9.77056897932566	0
GSM9380800	ATCCCGCTCGTTGCCC_sample2	Neuron - GABA_1	Other	0	0	0	0
GSM9380800	GGGTAACGTATGGCCC_sample2	Neuron - GABA_2	Reln	0	0	0	0
GSM9380800	CAGTAACCATTAGCCC_sample2	Neuron - GABA_2	Other	0	0	0	0
GSM9380800	CGTATCCCACATACCC_sample2	Neuron - GABA_1	Vip	0	0	9.892065727018	0
GSM9380800	TCAATCTCATGCTACC_sample2	Neuron - GABA_1	Other	0	0	0	0
GSM9380800	ATGCATTAGTTGGACC_sample2	Neuron - GABA_1	Cck	0	0	0	0
GSM9380800	TACGGTCAGTCGAACC_sample2	Neuron - GABA_1	Other	0	0	0	0
GSM9380800	TCCTCAACAGGCAACC_sample2	Neuron - GABA_1	Cck	0	0	0	0
GSM9380800	ATCCCATTCAGCAACC_sample2	Neuron - GABA_2	Other	0	0	0	0
GSM9380800	ACCCTGCTCCCCAACC_sample2	Neuron - GABA_2	Reln	0	0	0	0
GSM9380800	ACTGCAATCCCCAACC_sample2	Neuron - GABA_2	Reln	0	0	0	0
GSM9380800	CCATAACGTCAGTTAC_sample2	Neuron - GABA_2	Other	0	0	0	0
GSM9380800	TGGTCAATCTAAGTAC_sample2	Neuron - GABA_2	Reln	0	0	0	0
GSM9380800	AGCACTATCACTCTAC_sample2	Neuron - GABA_1	Other	0	0	0	0
GSM9380800	TGAACATTCAGGCTAC_sample2	Neuron - GABA_2	Other	0	0	0	0
GSM9380800	ATCCATAGTCAACTAC_sample2	Neuron - GABA_2	Reln	0	0	0	0
GSM9380800	CCTGTGGAGCAGGGAC_sample2	Neuron - GABA_2	Other	0	0	0	0
GSM9380800	AGTCGATCAAAGGGAC_sample2	Neuron - GABA_2	Other	0	0	0	0
GSM9380800	CACTAACGTTATCGAC_sample2	Neuron - GABA_1	Other	0	0	0	0
GSM9380800	GGGATTGAGCATCGAC_sample2	Neuron - GABA_1	Other	0	0	0	0
GSM9380800	CACATAACAATACGAC_sample2	Neuron - GABA_2	Other	0	0	0	0
GSM9380800	ACCCGTAGTTGGAGAC_sample2	Neuron - GABA_2	Other	0	0	0	0
GSM9380800	GTGCGAAAGCGGAGAC_sample2	Neuron - GABA_1	Cck	0	0	0	0
GSM9380800	CGTGAGAAGTAGAGAC_sample2	Neuron - GABA_2	Other	0	0	0	0
GSM9380800	CGTCTCATCACTTCAC_sample2	Neuron - GABA_2	Other	0	0	0	0
GSM9380800	AGCGCAGGTTAGTCAC_sample2	Neuron - GABA_2	Other	0	0	0	0
GSM9380800	ACGACAAGTTCCTCAC_sample2	Neuron - GABA_2	Other	0	0	0	0
GSM9380800	CGCGATTAGGTTGCAC_sample2	Neuron - GABA_2	Calb1	0	0	0	0
GSM9380800	GTGAAATGTGGGTAAC_sample2	Neuron - GABA_1	Other	0	0	0	0
GSM9380800	CCGGATTAGGATGAAC_sample2	Neuron - GABA_1	Other	0	0	0	0
GSM9380800	CTCGCTATCAGGCTTA_sample2	Neuron - GABA_1	Other	0	0	0	0
GSM9380800	ACTCGCCTCCCGCTTA_sample2	Neuron - GABA_1	Other	0	0	0	0
GSM9380800	GGTCGTTAGGCACTTA_sample2	Neuron - GABA_2	Other	0	0	0	0
GSM9380800	AAGTCAGGTTGCATTA_sample2	Neuron - GABA_2	Other	0	0	0	0
GSM9380800	ACGACATCAAGCATTA_sample2	Neuron - GABA_1	Cck	0	0	0	0
GSM9380800	AGCGTCCGTGAGTGTA_sample2	Neuron - GABA_1	Reln	0	0	0	0
GSM9380800	CAATCTTCATCCTGTA_sample2	Neuron - GABA_1	Calb1	0	0	0	0
GSM9380800	ATCATCTCATCCTGTA_sample2	Neuron - GABA_2	Other	0	0	0	0
GSM9380800	TCTCGCGCAATTGGTA_sample2	Neuron - GABA_2	Other	0	0	0	0
GSM9380800	CACTGGACAAAGGGTA_sample2	Neuron - GABA_2	Other	0	0	0	0
GSM9380800	TGAGTCTGTTCCGGTA_sample2	Neuron - GABA_1	Other	0	0	0	0
GSM9380800	ACAAGCTCATTAGGTA_sample2	Neuron - GABA_1	Other	0	0	0	0
GSM9380800	TACCATGAGATAGGTA_sample2	Neuron - GABA_1	Other	0	0	0	0
GSM9380800	GGCATGAAGCGAGGTA_sample2	Neuron - GABA_2	Other	0	0	0	0
GSM9380800	CCTAGTAAGGTTCGTA_sample2	Neuron - GABA_2	Other	0	0	0	0
GSM9380800	ACGGATTCACTTCGTA_sample2	Neuron - GABA_1	Reln	0	0	0	0
GSM9380800	AACCAACCAGCCAGTA_sample2	Neuron - GABA_1	Cck	0	0	0	0
GSM9380800	TGTACTGAGCGATCTA_sample2	Neuron - GABA_1	Reln	0	0	0	0
GSM9380800	TATGTCAGTATTGCTA_sample2	Neuron - GABA_2	Reln	0	0	0	0
GSM9380800	GGTTAGTCACCTACTA_sample2	Neuron - GABA_2	Other	0	0	0	0
GSM9380800	AGTGGATAGTCGCATA_sample2	Neuron - GABA_2	Other	0	0	0	0
GSM9380800	ATGCAGGAGTGCCATA_sample2	Neuron - GABA_1	Vip	0	0	16.5080779575035	0
GSM9380800	ACGGTGAAGTGCCATA_sample2	Neuron - GABA_1	Other	0	0	0	0
GSM9380800	ACCACAGCATCGGTGA_sample2	Neuron - GABA_1	Other	0	0	0	0
GSM9380800	AACATCCGTTAGGTGA_sample2	Neuron - GABA_2	Other	0	0	0	0
GSM9380800	ATCCCCTGTAACGTGA_sample2	Neuron - GABA_1	Other	0	0	0	0
GSM9380800	AAATGCTTCATGCTGA_sample2	Neuron - GABA_1	Other	0	0	0	0
GSM9380800	CACATCCCAATACTGA_sample2	Neuron - GABA_2	Other	0	0	0	0
GSM9380800	AACGGGGCAGCACTGA_sample2	Neuron - GABA_2	Other	0	0	0	0
GSM9380800	CGATGTTGTGCAATGA_sample2	Neuron - GABA_1	Other	0	0	0	0
GSM9380800	CCAGTCCTCCCAATGA_sample2	Neuron - GABA_2	Other	0	0	0	0
GSM9380800	TGCCTGCTCGATGGGA_sample2	Neuron - GABA_1	Cck	0	0	0	0
GSM9380800	GGTCATATCCAGAGGA_sample2	Neuron - GABA_2	Other	0	0	0	0
GSM9380800	AGTCGGGGTCTTGCGA_sample2	Neuron - GABA_1	Other	0	0	0	0
GSM9380800	ACTCACCCATTGGCGA_sample2	Neuron - GABA_2	Other	0	0	0	0
GSM9380800	CTCCAAGGTCAGGCGA_sample2	Neuron - GABA_2	Other	0	0	0	0
GSM9380800	ACTATCAGTTAAGCGA_sample2	Neuron - GABA_1	Other	0	0	0	0
GSM9380800	TGAGTGAGTGGACCGA_sample2	Neuron - GABA_2	Other	0	0	0	0
GSM9380800	CACCCAAGTGGACCGA_sample2	Neuron - GABA_2	Other	0	0	0	0
GSM9380800	ACTCGTCCACAACCGA_sample2	Neuron - GABA_2	Other	0	0	0	0
GSM9380800	CCTACAGGTTAGACGA_sample2	Neuron - GABA_2	Other	0	0	0	0
GSM9380800	CGTTATAGTAGTCAGA_sample2	Neuron - GABA_2	Reln	0	0	0	0
GSM9380800	TAGGTTTAGTGGCAGA_sample2	Neuron - GABA_2	Other	0	0	0	0
GSM9380800	TAAGGATGTTCCCAGA_sample2	Neuron - GABA_1	Other	0	0	0	0
GSM9380800	ACTACCAAGGCACAGA_sample2	Neuron - GABA_1	Reln	0	0	0	0
GSM9380800	CCACGATAGCGATTCA_sample2	Neuron - GABA_1	Other	0	0	0	0
GSM9380800	ACTTGTGAGCGATTCA_sample2	Neuron - GABA_1	Other	0	0	0	0
GSM9380800	ATTGGTTAGGATCTCA_sample2	Neuron - GABA_1	Reln	0	0	0	0
GSM9380800	GCGGACTCAAGTATCA_sample2	Neuron - GABA_2	Reln	0	0	0	0
GSM9380800	ATAGCACCAGGCATCA_sample2	Neuron - GABA_2	Reln	0	0	0	0
GSM9380800	ACGGATAGTTCGTGCA_sample2	Neuron - GABA_2	Other	0	0	0	0
GSM9380800	GCGGATGGTAAGTGCA_sample2	Neuron - GABA_2	Other	0	0	0	0
GSM9380800	AAGTAACGTAGGCGCA_sample2	Neuron - GABA_2	Other	0	0	0	0
GSM9380800	CCGTTCGCAATTAGCA_sample2	Neuron - GABA_1	Other	0	0	0	0
GSM9380800	TCGCACCTCACTAGCA_sample2	Neuron - GABA_2	Other	0	0	0	0
GSM9380800	CAGGTAAGTTAGAGCA_sample2	Neuron - GABA_2	Other	0	0	0	0
GSM9380800	AAAGTAGTCCTGTCCA_sample2	Neuron - GABA_2	Other	0	0	0	0
GSM9380800	GTAGACTCAAGGTCCA_sample2	Neuron - GABA_1	Cck	0	0	0	0
GSM9380800	CCTCTTGAGGGCTCCA_sample2	Neuron - GABA_2	Other	0	0	0	0
GSM9380800	TGCCCAAGTGACTCCA_sample2	Neuron - GABA_1	Other	0	0	0	0
GSM9380800	AACATGAAGTGCGCCA_sample2	Neuron - GABA_1	Other	0	0	0	0
GSM9380800	TCACACAAGTAACCCA_sample2	Neuron - GABA_1	Other	0	0	0	0
GSM9380800	GCAAGTGAGCTAACCA_sample2	Neuron - GABA_1	Reln	0	0	0	0
GSM9380800	CACGCAACAGGCTACA_sample2	Neuron - GABA_1	Other	0	0	0	0
GSM9380800	ACAGGGATCGCATACA_sample2	Neuron - GABA_1	Other	0	0	0	0
GSM9380800	CTGAATGTCATCGACA_sample2	Neuron - GABA_2	Other	0	0	0	0
GSM9380800	CCTCAACCATGGTTAA_sample2	Neuron - GABA_2	Other	0	0	0	0
GSM9380800	ATCCGCCTCGCGTTAA_sample2	Neuron - GABA_2	Calb1	0	0	0	0
GSM9380800	CCACGCAAGTTAGGAA_sample2	Neuron - GABA_2	Calb1	0	0	0	0
GSM9380800	GTGATGCTCATAGGAA_sample2	Neuron - GABA_2	Other	0	0	0	0
GSM9380800	ATCTCCACACAATCAA_sample2	Neuron - GABA_2	Calb1	0	0	0	0
GSM9380800	GCTTTCACAACCGCAA_sample2	Neuron - GABA_2	Other	0	0	0	0
GSM9380800	GGTTAGTCACCAGCAA_sample2	Neuron - GABA_1	Other	0	0	0	0
GSM9380800	AGCCTTGGTTCGCCAA_sample2	Neuron - GABA_2	Other	0	0	0	0
GSM9380800	GTCAAATTCTAGCCAA_sample2	Neuron - GABA_1	Calb1	0	0	0	0
GSM9380800	AATGTCCGTTTACCAA_sample2	Neuron - GABA_2	Other	0	0	0	0
GSM9380801	CCCAGCAAGTGGCGTT_sample3	Neuron - GABA_2	Other	0	0	0	0
GSM9380801	AATTGGTTCCCGCGTT_sample3	Neuron - GABA_1	Other	0	0	0	0
GSM9380801	TGATAGAAGGTTAGTT_sample3	Neuron - GABA_1	Other	0	0	0	0
GSM9380801	ACGAACCTCGATAGTT_sample3	Neuron - GABA_2	Reln	0	0	0	0
GSM9380801	ACTGCCCTCGTTGCTT_sample3	Neuron - GABA_2	Vip	0	0	8.39520153315783	0
GSM9380801	CTAGTTAGTGCGGCTT_sample3	Neuron - GABA_2	Reln	0	0	0	0
GSM9380801	GGGCAAATCATGCCTT_sample3	Neuron - GABA_1	Reln	0	0	0	0
GSM9380801	ACATGGCTCACCACTT_sample3	Neuron - GABA_2	Other	0	0	0	0
GSM9380801	GTGCACTAGGTACATT_sample3	Neuron - GABA_2	Reln	0	0	0	0
GSM9380801	TCTCTGGTCCAGGTGT_sample3	Neuron - GABA_2	Other	0	0	0	0
GSM9380801	AAGTTTCAGCTAATGT_sample3	Neuron - GABA_1	Other	0	0	0	0
GSM9380801	ACGGTTGCAGCACGGT_sample3	Neuron - GABA_2	Other	0	0	0	0
GSM9380801	GGTACATCAGTTAGGT_sample3	Neuron - GABA_1	Other	0	0	0	0
GSM9380801	TGGAGTGAGTGAAGGT_sample3	Neuron - GABA_1	Other	0	0	0	0
GSM9380801	GCGGGTTCAACCTCGT_sample3	Neuron - GABA_2	Other	0	0	0	0
GSM9380801	CAAGGTTCACAGGCGT_sample3	Neuron - GABA_2	Reln	0	0	0	0
GSM9380801	CTCGGATAGATTACGT_sample3	Neuron - GABA_2	Reln	0	0	0	0
GSM9380801	AACTGAAAGTCATAGT_sample3	Neuron - GABA_2	Other	0	0	0	0
GSM9380801	CTGGCCAAGGTAGAGT_sample3	Neuron - GABA_1	Other	0	0	0	0
GSM9380801	CCCGAATAGTGCCAGT_sample3	Neuron - GABA_2	Other	0	0	0	0
GSM9380801	CACATCAAGATAGTCT_sample3	Neuron - GABA_2	Other	0	0	0	0
GSM9380801	CGTCAGTAGCGAGTCT_sample3	Neuron - GABA_1	Reln	0	0	0	0
GSM9380801	ATAGGCTCATGGCTCT_sample3	Neuron - GABA_2	Other	0	0	0	0
GSM9380801	CTGTGCCTCACCATCT_sample3	Neuron - GABA_1	Reln	0	0	0	0
GSM9380801	AGTCGGGGTGGCTGCT_sample3	Neuron - GABA_1	Other	0	0	0	0
GSM9380801	TGATGTTAGCATGGCT_sample3	Neuron - GABA_1	Other	0	0	0	0
GSM9380801	TCGTTAAGTTGCGGCT_sample3	Neuron - GABA_2	Reln	0	0	0	0
GSM9380801	GTGTAACCATTGCGCT_sample3	Neuron - GABA_1	Vip	0	0	9.243711883456	0
GSM9380801	GTAGTGAGTTGTAGCT_sample3	Neuron - GABA_1	Reln	0	0	0	0
GSM9380801	AACGCAAGTTGTAGCT_sample3	Neuron - GABA_1	Cck	0	0	0	0
GSM9380801	ACGTTAACATCCAGCT_sample3	Neuron - GABA_2	Other	0	0	0	0
GSM9380801	ATCTTGCTCAGTTCCT_sample3	Neuron - GABA_2	Other	0	0	0	0
GSM9380801	ACTTAACAGCCTGCCT_sample3	Neuron - GABA_1	Other	0	0	0	0
GSM9380801	ATCCGTCCATTGGCCT_sample3	Neuron - GABA_2	Other	0	0	0	0
GSM9380801	ACATGAGGTATAGCCT_sample3	Neuron - GABA_1	Calb2	0	0	0	0
GSM9380801	TGCCTTTAGCAAGCCT_sample3	Neuron - GABA_1	Other	0	0	0	0
GSM9380801	GTAGTGAGTGAGCCCT_sample3	Neuron - GABA_2	Reln	0	0	0	0
GSM9380801	TCACATGAGGCGTACT_sample3	Neuron - GABA_1	Cck	0	0	0	0
GSM9380801	GCCTAAATCCGGAACT_sample3	Neuron - GABA_2	Other	0	0	0	0
GSM9380801	TGCACGTAGGAGGTAT_sample3	Neuron - GABA_2	Other	0	0	0	0
GSM9380801	GGATTGCTCGCTCTAT_sample3	Neuron - GABA_2	Vip	0	0	7.3656729355601	0
GSM9380801	CGTTTGAAGCCTCTAT_sample3	Neuron - GABA_2	Other	0	0	0	0
GSM9380801	CGCTGATAGGGGATAT_sample3	Neuron - GABA_2	Other	0	0	0	0
GSM9380801	CCGTCGTTCCGGTGAT_sample3	Neuron - GABA_1	Reln	0	0	0	0
GSM9380801	CATCGCCTCGCGTGAT_sample3	Neuron - GABA_2	Reln	0	0	0	0
GSM9380801	AATCGCATCCAATGAT_sample3	Neuron - GABA_1	Other	0	0	0	0
GSM9380801	CCACGTTCAGTTGGAT_sample3	Neuron - GABA_1	Other	0	0	0	0
GSM9380801	CTGAATTAGGATGGAT_sample3	Neuron - GABA_2	Other	0	0	0	0
GSM9380801	GTTGTACGTGAGCGAT_sample3	Neuron - GABA_1	Other	0	0	0	0
GSM9380801	CTCCTTAGTAGTAGAT_sample3	Neuron - GABA_2	Other	0	0	0	0
GSM9380801	TAGCGAAGTAGCTCAT_sample3	Neuron - GABA_2	Other	0	0	0	0
GSM9380801	ATGTGGCTCCATCCAT_sample3	Neuron - GABA_2	Other	0	0	0	0
GSM9380801	AACGGTAGTAACCCAT_sample3	Neuron - GABA_1	Vip	0	0	9.40481683994854	0
GSM9380801	GGCACATTCCGGACAT_sample3	Neuron - GABA_1	Vip	0	0	10.1171927400329	0
GSM9380801	GCGTTTCCATCCTAAT_sample3	Neuron - GABA_1	Reln	0	0	0	0
GSM9380801	AACGTAAAGGGTGAAT_sample3	Neuron - GABA_2	Other	0	0	0	0
GSM9380801	CCCGATAGTGATGAAT_sample3	Neuron - GABA_2	Other	0	0	0	0
GSM9380801	GCTGAGGGTGGCGAAT_sample3	Neuron - GABA_2	Other	0	0	0	0
GSM9380801	ATACGTTAGCATCAAT_sample3	Neuron - GABA_2	Other	0	0	0	0
GSM9380801	CTCATGTTCATGCAAT_sample3	Neuron - GABA_2	Other	0	0	0	0
GSM9380801	CGATCACAGCCGCAAT_sample3	Neuron - GABA_1	Other	0	0	0	0
GSM9380801	CTTGGGACACAGCAAT_sample3	Neuron - GABA_1	Other	0	0	0	0
GSM9380801	CCACGAACAATAGTTG_sample3	Neuron - GABA_2	Other	0	0	0	0
GSM9380801	TCCTCTTCAGTAATTG_sample3	Neuron - GABA_1	Cck	0	0	0	0
GSM9380801	ACCTGGGTCGCGTGTG_sample3	Neuron - GABA_1	Other	0	0	0	0
GSM9380801	CGAATAGGTAATGGTG_sample3	Neuron - GABA_1	Reln	0	0	0	0
GSM9380801	CGGTATTGTTTGCGTG_sample3	Neuron - GABA_1	Other	0	0	0	0
GSM9380801	ACGGCAGGTTTGCGTG_sample3	Neuron - GABA_2	Other	0	0	0	0
GSM9380801	GGACATAGTTGAAGTG_sample3	Neuron - GABA_2	Reln	0	0	0	0
GSM9380801	ACCACACAGTAGTCTG_sample3	Neuron - GABA_1	Other	0	0	0	0
GSM9380801	GTCAAGCTCGAATCTG_sample3	Neuron - GABA_2	Other	0	0	0	0
GSM9380801	GGCTGGTCATAGGCTG_sample3	Neuron - GABA_1	Other	0	0	0	0
GSM9380801	CAGTGTTGTGATCCTG_sample3	Neuron - GABA_1	Other	0	0	0	0
GSM9380801	CACGACCGTTGACCTG_sample3	Neuron - GABA_2	Other	0	0	0	0
GSM9380801	ATTATCCCAGGCTATG_sample3	Neuron - GABA_2	Other	0	0	0	0
GSM9380801	CGTCAAATCTGTGATG_sample3	Neuron - GABA_1	Other	0	0	0	0
GSM9380801	TAGTGGCTCCGCGATG_sample3	Neuron - GABA_2	Other	0	0	0	0
GSM9380801	CTACGGACAACTAATG_sample3	Neuron - GABA_2	Other	0	0	0	0
GSM9380801	GGGTATGAGCGCTTGG_sample3	Neuron - GABA_1	Other	0	0	0	0
GSM9380801	CAGCCATAGCCTGTGG_sample3	Neuron - GABA_1	Other	0	0	0	0
GSM9380801	GTCAAATTCGACCTGG_sample3	Neuron - GABA_2	Other	0	0	0	0
GSM9380801	CCTTTAGCACATTGGG_sample3	Neuron - GABA_2	Reln	0	0	0	0
GSM9380801	CGACTGACACATTGGG_sample3	Neuron - GABA_1	Other	0	0	0	0
GSM9380801	TAAGCGGAGAATCGGG_sample3	Neuron - GABA_2	Other	0	0	0	0
GSM9380801	GGCCGAAGTAACCGGG_sample3	Neuron - GABA_1	Other	0	0	0	0
GSM9380801	CCCGATAGTCAACGGG_sample3	Neuron - GABA_2	Other	0	0	0	0
GSM9380801	ATGAGTTTCAGTAGGG_sample3	Neuron - GABA_2	Other	0	0	0	0
GSM9380801	CGACCGATCAATTCGG_sample3	Neuron - GABA_1	Other	0	0	0	0
GSM9380801	GGATCTATCATATCGG_sample3	Neuron - GABA_1	Other	0	0	0	0
GSM9380801	TAATCCTCATGATCGG_sample3	Neuron - GABA_1	Other	0	0	0	0
GSM9380801	GGTCCTGAGCCATCGG_sample3	Neuron - GABA_2	Other	0	0	0	0
GSM9380801	GCTCACCTCACACCGG_sample3	Neuron - GABA_1	Other	0	0	0	0
GSM9380801	GGGCAGACATAACCGG_sample3	Neuron - GABA_1	Other	0	0	0	0
GSM9380801	GTTGATTAGGTAACGG_sample3	Neuron - GABA_1	Other	0	0	0	0
GSM9380801	CAAGGTAGTGGCTAGG_sample3	Neuron - GABA_2	Other	0	0	0	0
GSM9380801	AGGGAGTCAATAGAGG_sample3	Neuron - GABA_1	Other	0	0	0	0
GSM9380801	TCCCCTAAGGGTCTCG_sample3	Neuron - GABA_1	Other	0	0	0	0
GSM9380801	GCTATGATCACTCTCG_sample3	Neuron - GABA_1	Other	0	0	0	0
GSM9380801	CCTATGTTCAGTATCG_sample3	Neuron - GABA_1	Other	0	0	0	0
GSM9380801	CTAATCCTCGACTGCG_sample3	Neuron - GABA_1	Other	0	0	0	0
GSM9380801	AGTCTTGAGGATAGCG_sample3	Neuron - GABA_2	Other	0	0	0	0
GSM9380801	CGCCACTTCCTGAGCG_sample3	Neuron - GABA_2	Reln	0	0	0	0
GSM9380801	GCTCAAATCCTGAGCG_sample3	Neuron - GABA_2	Other	0	0	0	0
GSM9380801	CAAATCCGTTGGAGCG_sample3	Neuron - GABA_1	Other	0	0	0	0
GSM9380801	TGGGAACGTGATTCCG_sample3	Neuron - GABA_2	Other	0	0	0	0
GSM9380801	CGAGTAAGTGATTCCG_sample3	Neuron - GABA_1	Cck	0	0	0	0
GSM9380801	ACAAGGTAGCTAGCCG_sample3	Neuron - GABA_2	Other	0	0	0	0
GSM9380801	AGCCATCAGTCAGCCG_sample3	Neuron - GABA_1	Reln	0	0	0	0
GSM9380801	GTGGACAAGTCGACCG_sample3	Neuron - GABA_2	Other	0	0	0	0
GSM9380801	CACCGTTCACATGACG_sample3	Neuron - GABA_1	Other	0	0	0	0
GSM9380801	CCACATCCAATCGACG_sample3	Neuron - GABA_1	Calb1	0	0	0	0
GSM9380801	CCACATAAGGTAGACG_sample3	Neuron - GABA_2	Reln	0	0	0	0
GSM9380801	ATCCGCCTCACTAACG_sample3	Neuron - GABA_2	Other	0	0	0	0
GSM9380801	CACTACTTCTTGAACG_sample3	Neuron - GABA_2	Other	0	0	0	0
GSM9380801	TGTAGCATCACGTTAG_sample3	Neuron - GABA_2	Other	0	0	0	0
GSM9380801	ACCCGCAAGTGGGTAG_sample3	Neuron - GABA_2	Other	0	0	0	0
GSM9380801	CTGTATAGTGGCGTAG_sample3	Neuron - GABA_2	Other	0	0	0	0
GSM9380801	CTGATCAAGTAAGTAG_sample3	Neuron - GABA_1	Other	0	0	0	0
GSM9380801	ATTGAGGGTTCGCTAG_sample3	Neuron - GABA_2	Other	0	0	0	0
GSM9380801	AACTGACCATTCCTAG_sample3	Neuron - GABA_2	Other	0	0	0	0
GSM9380801	ACCTGATGTTTACTAG_sample3	Neuron - GABA_1	Cck	0	0	0	0
GSM9380801	GCAATGAGTTTACTAG_sample3	Neuron - GABA_1	Other	0	0	0	0
GSM9380801	CTGAATTAGCCCTGAG_sample3	Neuron - GABA_1	Other	0	0	0	0
GSM9380801	GCGCTCAAGCCCTGAG_sample3	Neuron - GABA_1	Other	0	0	0	0
GSM9380801	TGACCCTCATTCGGAG_sample3	Neuron - GABA_2	Other	0	0	0	0
GSM9380801	TGCAAATTCACAGGAG_sample3	Neuron - GABA_2	Other	0	0	0	0
GSM9380801	AGCCTCAGTTGTAGAG_sample3	Neuron - GABA_2	Vip	0	0	7.78044703810186	0
GSM9380801	TAGGATGGTTGCTCAG_sample3	Neuron - GABA_2	Other	0	0	0	0
GSM9380801	CTCATTGCAGTTGCAG_sample3	Neuron - GABA_1	Other	0	0	0	0
GSM9380801	GTTCTCACAGGAGCAG_sample3	Neuron - GABA_1	Other	0	0	0	0
GSM9380801	GCGCCAATCACGCCAG_sample3	Neuron - GABA_2	Other	0	0	0	0
GSM9380801	ATCGTCAAGGTCCCAG_sample3	Neuron - GABA_2	Other	0	0	0	0
GSM9380801	TGGTTAGTCAGGACAG_sample3	Neuron - GABA_1	Other	0	0	0	0
GSM9380801	GGTAGGATCAAGTAAG_sample3	Neuron - GABA_2	Other	0	0	0	0
GSM9380801	CGTCTCATCTGGGAAG_sample3	Neuron - GABA_1	Other	0	0	0	0
GSM9380801	TACCCGCTCAGCGAAG_sample3	Neuron - GABA_2	Other	0	0	0	0
GSM9380801	TACGGTTGTTCCGTTC_sample3	Neuron - GABA_2	Other	0	0	0	0
GSM9380801	ACCATAGTCGTACTTC_sample3	Neuron - GABA_2	Reln	0	0	0	0
GSM9380801	TACCAGGCATAACTTC_sample3	Neuron - GABA_2	Other	0	0	0	0
GSM9380801	GCAGGATGTGCGTGTC_sample3	Neuron - GABA_1	Vip	0	0	9.84672399916901	0
GSM9380801	ATCCGGGTCCCGTGTC_sample3	Neuron - GABA_1	Other	0	0	0	0
GSM9380801	CCGGATTAGCTAGGTC_sample3	Neuron - GABA_1	Reln	0	0	0	0
GSM9380801	GGAATGGTCTATCGTC_sample3	Neuron - GABA_1	Other	0	0	0	0
GSM9380801	CCCGATTCATCACGTC_sample3	Neuron - GABA_1	Other	0	0	0	0
GSM9380801	GCAGGGTAGATTAGTC_sample3	Neuron - GABA_1	Other	0	0	0	0
GSM9380801	TCGACTGGTATAGCTC_sample3	Neuron - GABA_2	Other	0	0	0	0
GSM9380801	GCTGGTTAGCTTACTC_sample3	Neuron - GABA_1	Reln	0	0	0	0
GSM9380801	CCGGTCAAGCTTACTC_sample3	Neuron - GABA_1	Other	0	0	0	0
GSM9380801	AGAGGGTCATCGACTC_sample3	Neuron - GABA_1	Other	0	0	0	0
GSM9380801	GTAGCGGGTTAGACTC_sample3	Neuron - GABA_1	Other	0	0	0	0
GSM9380801	CCTATCCGTTAGACTC_sample3	Neuron - GABA_2	Other	0	0	0	0
GSM9380801	TCATGCTTCATCACTC_sample3	Neuron - GABA_1	Other	0	0	0	0
GSM9380801	ATGCTAGTCATCACTC_sample3	Neuron - GABA_1	Reln	0	0	0	0
GSM9380801	TGAGGCAAGGCAACTC_sample3	Neuron - GABA_1	Vip	0	0	9.25647980591775	0
GSM9380801	AACAGTAAGTATGATC_sample3	Neuron - GABA_2	Other	0	0	0	0
GSM9380801	GCCGTACGTTGCAATC_sample3	Neuron - GABA_1	Other	0	0	0	0
GSM9380801	CTTGCCTGTTATGTGC_sample3	Neuron - GABA_1	Cck	0	0	0	0
GSM9380801	CCCGAATAGTTGGTGC_sample3	Neuron - GABA_1	Reln	0	0	0	0
GSM9380801	TCACGAATCCTCGTGC_sample3	Neuron - GABA_2	Other	0	0	0	0
GSM9380801	GCCTCCACAGGACTGC_sample3	Neuron - GABA_1	Calb1	0	0	0	0
GSM9380801	TGACCCTCATCACTGC_sample3	Neuron - GABA_2	Other	0	0	0	0
GSM9380801	GTCAAAGGTTAACTGC_sample3	Neuron - GABA_2	Other	0	0	0	0
GSM9380801	TCACGATGTCTGTGGC_sample3	Neuron - GABA_1	Reln	0	0	0	0
GSM9380801	GTTAGCGCAGCATGGC_sample3	Neuron - GABA_2	Other	0	0	0	0
GSM9380801	AATCGCGCACTAGGGC_sample3	Neuron - GABA_2	Other	0	0	0	0
GSM9380801	CGTTATGAGTCTAGGC_sample3	Neuron - GABA_1	Other	0	0	0	0
GSM9380801	CCTGTTGTCACTAGGC_sample3	Neuron - GABA_2	Other	0	0	0	0
GSM9380801	ACGTTTAGTGATAGGC_sample3	Neuron - GABA_2	Other	0	0	0	0
GSM9380801	CGGGATGGTCAGTCGC_sample3	Neuron - GABA_1	Other	0	0	0	0
GSM9380801	CAGTATTAGAATCCGC_sample3	Neuron - GABA_1	Other	0	0	0	0
GSM9380801	GCTCAAATCATGACGC_sample3	Neuron - GABA_1	Other	0	0	0	0
GSM9380801	CTGGTATGTAGGTAGC_sample3	Neuron - GABA_2	Vip	0	0	7.80710428971965	0
GSM9380801	CCGCTAGAGTACCAGC_sample3	Neuron - GABA_1	Other	0	0	0	0
GSM9380801	GGGTCCATCACACAGC_sample3	Neuron - GABA_2	Other	0	0	0	0
GSM9380801	TGACTAACAGTTAAGC_sample3	Neuron - GABA_1	Cck	0	0	0	0
GSM9380801	GGTGCATTCCTGAAGC_sample3	Neuron - GABA_1	Cck	0	0	0	0
GSM9380801	GGCGAGACATAATTCC_sample3	Neuron - GABA_1	Other	0	0	0	0
GSM9380801	TCCCTAACAAGGGTCC_sample3	Neuron - GABA_2	Other	0	0	0	0
GSM9380801	GCGAGTAAGGTAGTCC_sample3	Neuron - GABA_2	Reln	0	0	0	0
GSM9380801	ATTCATGGTTAAGTCC_sample3	Neuron - GABA_2	Reln	0	0	0	0
GSM9380801	AAATGCTTCGAAGTCC_sample3	Neuron - GABA_1	Calb2	0	0	0	0
GSM9380801	CTTCACTAGCAAGTCC_sample3	Neuron - GABA_2	Reln	0	0	0	0
GSM9380801	AGGTAGTAGGTGATCC_sample3	Neuron - GABA_1	Other	0	0	0	0
GSM9380801	AACGAATGTTGAATCC_sample3	Neuron - GABA_2	Other	0	0	0	0
GSM9380801	CAAGGTGAGGCAATCC_sample3	Neuron - GABA_2	Reln	0	0	0	0
GSM9380801	AGTTTGGTCCATCGCC_sample3	Neuron - GABA_2	Other	0	0	0	0
GSM9380801	TAATGGGGTTCGAGCC_sample3	Neuron - GABA_1	Other	0	0	0	0
GSM9380801	TGAGGTGAGGATACCC_sample3	Neuron - GABA_1	Reln	0	0	0	0
GSM9380801	ACTTGAGTCATGGACC_sample3	Neuron - GABA_2	Other	0	0	0	0
GSM9380801	CACGTATGTAAGGACC_sample3	Neuron - GABA_1	Other	0	0	0	0
GSM9380801	GCTAAGTCAAGTAACC_sample3	Neuron - GABA_2	Other	0	0	0	0
GSM9380801	AACCCAATCTGGAACC_sample3	Neuron - GABA_1	Other	0	0	0	0
GSM9380801	GGCATGGGTGAGGTAC_sample3	Neuron - GABA_1	Other	0	0	0	0
GSM9380801	GGCGTAAAGTTAGTAC_sample3	Neuron - GABA_1	Other	0	0	0	0
GSM9380801	GTCCTAAAGTGGCTAC_sample3	Neuron - GABA_1	Other	0	0	0	0
GSM9380801	GTAGATGGTGAGTGAC_sample3	Neuron - GABA_2	Other	0	0	0	0
GSM9380801	CGCTAAATCCGTAGAC_sample3	Neuron - GABA_2	Other	0	0	0	0
GSM9380801	CGCTACTCACATAGAC_sample3	Neuron - GABA_2	Other	0	0	0	0
GSM9380801	ACGATGGAGCGGAGAC_sample3	Neuron - GABA_2	Other	0	0	0	0
GSM9380801	ATATGTCAGCGGAGAC_sample3	Neuron - GABA_2	Other	0	0	0	0
GSM9380801	GCACGAGGTTAGTCAC_sample3	Neuron - GABA_2	Other	0	0	0	0
GSM9380801	TGAGTAGGTTATGCAC_sample3	Neuron - GABA_2	Other	0	0	0	0
GSM9380801	ACGGGGACAAATGCAC_sample3	Neuron - GABA_2	Other	0	0	0	0
GSM9380801	ATGAACCCAAGCGCAC_sample3	Neuron - GABA_2	Other	0	0	0	0
GSM9380801	GTGTCAATCCTGCCAC_sample3	Neuron - GABA_1	Cck	0	0	0	0
GSM9380801	GTCAAATTCGAACCAC_sample3	Neuron - GABA_1	Calb1	0	0	0	0
GSM9380801	ATCCTGAAGTCGACAC_sample3	Neuron - GABA_1	Other	0	0	0	0
GSM9380801	CAGCCATAGGTCACAC_sample3	Neuron - GABA_2	Other	0	0	0	0
GSM9380801	GTGGGTTTCCGGTAAC_sample3	Neuron - GABA_1	Other	0	0	0	0
GSM9380801	ATGATGTTCGCTGAAC_sample3	Neuron - GABA_1	Other	0	0	0	0
GSM9380801	ACGAAATGTGAGGTTA_sample3	Neuron - GABA_1	Other	0	0	0	0
GSM9380801	TCCATCCGTGAGGTTA_sample3	Neuron - GABA_2	Other	0	0	0	0
GSM9380801	CGTCCAAGTTGCATTA_sample3	Neuron - GABA_2	Other	0	0	0	0
GSM9380801	TCCTTAATCTGGTGTA_sample3	Neuron - GABA_1	Reln	0	0	0	0
GSM9380801	CTGTCGCTCATCTCTA_sample3	Neuron - GABA_2	Other	0	0	0	0
GSM9380801	TACACTAGTCTGGCTA_sample3	Neuron - GABA_1	Other	0	0	0	0
GSM9380801	TCATTAGGTTCGGCTA_sample3	Neuron - GABA_1	Other	0	0	0	0
GSM9380801	AGTTGAGGTCAGCCTA_sample3	Neuron - GABA_1	Reln	0	0	0	0
GSM9380801	ACCCTCTGTGGGTATA_sample3	Neuron - GABA_1	Other	0	0	0	0
GSM9380801	AACCAAGGTTGCTATA_sample3	Neuron - GABA_1	Other	0	0	0	0
GSM9380801	ACAGGCTTCGCTGATA_sample3	Neuron - GABA_2	Other	0	0	0	0
GSM9380801	GCATTGATCCCAGATA_sample3	Neuron - GABA_2	Other	0	0	0	0
GSM9380801	AGGAGTTAGGTCCATA_sample3	Neuron - GABA_2	Other	0	0	0	0
GSM9380801	TACCATGAGGTCCATA_sample3	Neuron - GABA_2	Other	0	0	0	0
GSM9380801	GCTATCCCAAACTTGA_sample3	Neuron - GABA_2	Other	0	0	0	0
GSM9380801	AGCTGTTGTATGGTGA_sample3	Neuron - GABA_2	Other	0	0	0	0
GSM9380801	GGAGTCAAGCGCCTGA_sample3	Neuron - GABA_2	Other	0	0	0	0
GSM9380801	AATACGAAGGATATGA_sample3	Neuron - GABA_1	Other	0	0	0	0
GSM9380801	TAGGATGGTGCAATGA_sample3	Neuron - GABA_2	Reln	0	0	0	0
GSM9380801	CCGCTAAGTGCAATGA_sample3	Neuron - GABA_1	Reln	0	0	0	0
GSM9380801	TGGTTCAAGTACGGGA_sample3	Neuron - GABA_2	Other	0	0	0	0
GSM9380801	CGATTCAAGGATGCGA_sample3	Neuron - GABA_2	Reln	0	0	0	0
GSM9380801	TAACGGCTCGTGCCGA_sample3	Neuron - GABA_1	Other	0	0	0	0
GSM9380801	GTTGTGATCAGCCCGA_sample3	Neuron - GABA_1	Vip	0	0	7.88364229946962	0
GSM9380801	CTGTGGGTCTAACCGA_sample3	Neuron - GABA_2	Other	0	0	0	0
GSM9380801	TGCCCGAAGCGAACGA_sample3	Neuron - GABA_1	Other	0	0	0	0
GSM9380801	AACGGTGAGGTATAGA_sample3	Neuron - GABA_2	Reln	0	0	0	0
GSM9380801	CAGTCCTCAAGTGAGA_sample3	Neuron - GABA_1	Other	0	0	0	0
GSM9380801	GCGGTTTAGTATGAGA_sample3	Neuron - GABA_2	Other	0	0	0	0
GSM9380801	AGAGAGGGTCATGAGA_sample3	Neuron - GABA_2	Other	0	0	0	0
GSM9380801	TGAGCATCATCGTTCA_sample3	Neuron - GABA_2	Other	0	0	0	0
GSM9380801	GGAGTATAGCCCTTCA_sample3	Neuron - GABA_1	Vip	0	0	10.1266711030504	0
GSM9380801	CATTTGAGTAACTTCA_sample3	Neuron - GABA_1	Other	0	0	0	0
GSM9380801	CGAGGAATCCCTGTCA_sample3	Neuron - GABA_2	Other	0	0	0	0
GSM9380801	GTTAGCCAGCTAGTCA_sample3	Neuron - GABA_2	Other	0	0	0	0
GSM9380801	GGTGCTTAGGATCTCA_sample3	Neuron - GABA_2	Reln	0	0	0	0
GSM9380801	GGTATGGAGTAGCTCA_sample3	Neuron - GABA_2	Cck	0	0	0	0
GSM9380801	ATGTGAAAGAACCTCA_sample3	Neuron - GABA_2	Other	0	0	0	0
GSM9380801	ACGCTTGGTTCTGGCA_sample3	Neuron - GABA_2	Other	0	0	0	0
GSM9380801	TACGTAGTCCACGGCA_sample3	Neuron - GABA_1	Other	0	0	0	0
GSM9380801	ACCGATTGTGATAGCA_sample3	Neuron - GABA_2	Other	0	0	0	0
GSM9380801	ACGAAATGTGCGAGCA_sample3	Neuron - GABA_2	Other	0	0	0	0
GSM9380801	GTCTACAAGCTTCCCA_sample3	Neuron - GABA_1	Other	0	0	0	0
GSM9380801	CTAGAACCATTACCCA_sample3	Neuron - GABA_1	Other	0	0	0	0
GSM9380801	GTGTAGTCAGGCTACA_sample3	Neuron - GABA_2	Other	0	0	0	0
GSM9380801	GGTTATGTCGCATACA_sample3	Neuron - GABA_1	Other	0	0	0	0
GSM9380801	GGTTAGTCAATTGACA_sample3	Neuron - GABA_2	Other	0	0	0	0
GSM9380801	GGCGGATAGGGTGACA_sample3	Neuron - GABA_1	Other	0	0	0	0
GSM9380801	CCTATTCAGTTGCACA_sample3	Neuron - GABA_1	Other	0	0	0	0
GSM9380801	GGAACCTTCGCGCACA_sample3	Neuron - GABA_2	Other	0	0	0	0
GSM9380801	TCACACCCAAGCTTAA_sample3	Neuron - GABA_2	Other	0	0	0	0
GSM9380801	GCGATTCAGCAAGTAA_sample3	Neuron - GABA_2	Other	0	0	0	0
GSM9380801	TGACATTAGCGGTGAA_sample3	Neuron - GABA_2	Reln	0	0	0	0
GSM9380801	GCCTGATAGGTATGAA_sample3	Neuron - GABA_2	Reln	0	0	0	0
GSM9380801	CCAGCCAAGTATGGAA_sample3	Neuron - GABA_2	Other	0	0	0	0
GSM9380801	CCTAGCCTCAATGGAA_sample3	Neuron - GABA_2	Other	0	0	0	0
GSM9380801	GGCGCTATCAATGGAA_sample3	Neuron - GABA_2	Other	0	0	0	0
GSM9380801	CTGACGTAGAAGGGAA_sample3	Neuron - GABA_1	Other	0	0	0	0
GSM9380801	GCTCAAATCCCGCGAA_sample3	Neuron - GABA_1	Reln	0	0	0	0
GSM9380801	TCCCTCAAGGCACGAA_sample3	Neuron - GABA_2	Other	0	0	0	0
GSM9380801	GCATAGTCAGGCTCAA_sample3	Neuron - GABA_1	Other	0	0	0	0
GSM9380801	CAGGAACGTAGTGCAA_sample3	Neuron - GABA_1	Other	0	0	0	0
GSM9380801	ACGCCTAGTAGTGCAA_sample3	Neuron - GABA_2	Other	0	0	0	0
GSM9380801	CTCATGAAGGTGGCAA_sample3	Neuron - GABA_2	Other	0	0	0	0
GSM9380801	CGGCTTAGTTCCGCAA_sample3	Neuron - GABA_2	Reln	0	0	0	0
GSM9380801	CGAAGCAAGATAGCAA_sample3	Neuron - GABA_2	Other	0	0	0	0
GSM9380801	CATAGATTCGATCCAA_sample3	Neuron - GABA_2	Other	0	0	0	0
GSM9380801	AGTGAATGTTTACCAA_sample3	Neuron - GABA_2	Other	0	0	0	0
